大客户经理,通信/电信/网络设备,浙江远拓网络科技有限公司,大专,8千-1万,2年,宁波
手机销售顾问（华为体验店）,通信/电信/网络设备,黄石天诚信息科技有限责任公司,高中,4-8千,1年,黄石
项目助理,农/林/牧/渔,云南英茂花卉产业有限公司,本科,4-6千,3-4年,昆明
电话客服专员,医疗设备/器械,四川精晶科技发展有限责任公司,大专,3.5-7千,无需经验,成都
运营助理,互联网/电子商务,厦门鸿瑞鑫盛电子商务有限公司,大专,5-8千,无需经验,厦门
奔驰销售顾问-永康利之星,汽车,永康利之星汽车销售服务有限公司,大专,8千-1.6万,1年,金华
商务司机,机械/设备/重工,九江消防装备有限公司,高中,5-6千,3-4年,九江
SEO运营推广,互联网/电子商务,爱拼物流科技有限公司,本科,5-8千,2年,长沙
贝壳找房大平台招聘置业顾问,中介服务,宜宾念正美营销策划有限公司,中技/中专,5千-1万,2年,宜宾
跟单助理,服装/纺织/皮革,深圳市稳进服装有限公司,大专,4.5-6千,3-4年,深圳
短视频剪辑,家居/室内设计/装潢,吉安市吉州区丛一楼装饰工程有限公司,,4-6千,无需经验,吉安
文员/统计,快速消费品(食品、饮料、化妆品),浙江飞洋杯业有限公司,,4.8-6千,1年,金华
贝壳找房大平台&房产销售,中介服务,宜宾念正美营销策划有限公司,中技/中专,4-8千,1年,宜宾
机械设计工程师,学术/科研,韶山市碳基材料产业研究院,本科,8千-1万,3-4年,湘潭
门店营业员,批发/零售,湖北馋不二品牌管理有限公司,高中,3.5-5.5千,1年,武汉
冲压模具钳工,机械/设备/重工,江西川恒电驱动系统有限公司,,5千-1万,2年,上饶
急招五金品检,贸易/进出口,厦门迈维斯货架有限公司,中技/中专,5-8千·13薪,1年,厦门
园林施工经理,建筑/建材/工程,江西翰林实业有限公司,本科,1-1.5万,5-7年,南昌
机械结构工程师,电子技术/半导体/集成电路,宁波扇贝科技有限公司,本科,8千-1.2万·13薪,2年,宁波
客服,建筑/建材/工程,杭州鸿晟建筑工程有限公司,大专,5-8千,2年,杭州
生产物料/跟单核算员,服装/纺织/皮革,上海姿汇纺织装饰有限公司,中技/中专,8千-1万,3-4年,上海
行车工,原材料和加工,江阴市宏鑫宝金属有限公司,初中及以下,7.5千-1万,1年,无锡
医药商务经理,医疗/护理/卫生,广西乐欣医药科技有限公司,大专,3-6千,1年,南宁
行政主管,印刷/包装/造纸,禧图纸品印刷（深圳）有限公司,大专,8千-1.2万,3-4年,深圳
检测工程师,检测，认证,成都三方电气有限公司,本科,8-15万/年,无需经验,成都
工厂清洁工,原材料和加工,深圳市金盾兴机电有限公司,初中及以下,3.5-3.8千,1年,深圳
出纳,建筑/建材/工程,深圳市成效项目管理有限公司惠州分公司,大专,4-6千,2年,惠州
分校校长/咨询主管,教育/培训/院校,广州市海珠区京师课外教育培训中心有限责任公司,本科,1-1.5万,3-4年,广州
工装夹具工程师,机械/设备/重工,广州佳乂特起重机电工程有限公司,大专,4.5-8千,1年,东莞
机械设计工程师,仪器仪表/工业自动化,上海真兰仪表科技股份有限公司,本科,1.5-3万,3-4年,北京
电商运营,家具/家电/玩具/礼品,浙江比依电器股份有限公司,大专,6千-1万·13薪,1年,宁波
宁波高新区管培生-就近安排,餐饮业,上海必胜客有限公司浙江分公司,大专,5-6千,无需经验,宁波
精益工程师,汽车,芜湖本特勒浦项汽车配件制造有限公司,本科,0.8-1万,3-4年,芜湖
医疗器械销售经理（口腔CBCT）,医疗设备/器械,深圳市菲森科技有限公司,大专,8千-1万·13薪,5-7年,赣州
文案策划,广告,湖北睿楚文化发展有限公司,大专,7千-1.2万,3-4年,武汉
品牌孵化（IP打造）,房地产,星光耀智诚建设集团有限公司,大专,8千-1万,3-4年,武汉
促销员,快速消费品(食品、饮料、化妆品),东莞市润汇实业有限公司,高中,5-7千,2年,广州
财务总监,机械/设备/重工,珠海市华亚智能科技有限公司,本科,2-3.5万,10年以上,珠海
机械装配工艺工程师,仪器仪表/工业自动化,杭州佩克昂科技有限公司,大专,8千-1万,2年,杭州
生产文员,机械/设备/重工,杭州威士德灵智科技有限公司,大专,4-5千,1年,杭州
谈判公关,物业管理/商业中心,云南永旺市场管理股份有限公司,本科,6-8千,3-4年,昆明
销售工程师（工作地：北京）,制药/生物工程,上海安净生物技术有限公司,大专,6千-1万,无需经验,北京
产品讲师（医药行业）,制药/生物工程,康芝药业股份有限公司,大专,6千-1.2万·18薪,3-4年,广州
商务专员,建筑/建材/工程,上海碧化环保科技有限公司,大专,5-7千·13薪,1年,上海
海外商务经理,快速消费品(食品、饮料、化妆品),深圳云普星河科技服务有限公司,本科,1.3-2.5万·13薪,3-4年,深圳
物业客服经理,物业管理/商业中心,北京仲量联行物业管理服务有限公司深圳分公司,大专,1-1.3万,3-4年,深圳
仓库管理员,电气/电力/水利,广东澳升能源科技有限公司,中技/中专,4.5-5.5千,1年,广州
机械工程师,机械/设备/重工,广州捷晟自动化控制设备有限公司,本科,1.2-2.4万,3-4年,广州
研发质量工程师,医疗设备/器械,上海逸思医疗科技有限公司,本科,1.5-2.2万·15薪,3-4年,上海
项目销售总监,房地产,广东帝融科技园发展有限公司,大专,1.5-2.5万,5-7年,广州
财务经理,贸易/进出口,海南景领国际贸易有限公司,本科,1-1.5万·13薪,3-4年,桂林
操作员/包装工/灌装工/普工,快速消费品(食品、饮料、化妆品),润本生物技术股份有限公司,,4-6千,1年,广州
测量员/测量工程师,房地产,重庆北辰建设投资有限公司,大专,8-9千,3-4年,重庆
产品摄像师,贸易/进出口,摩米士科技（深圳）有限公司,大专,1.3-1.5万,3-4年,深圳
厨师,石油/化工/矿产/地质,广东广安冠德石化有限公司,初中及以下,7-8千·13薪,3-4年,深圳
业务经理(驻外）,贸易/进出口,武汉周正工贸有限公司,本科,8千-1.5万·13薪,3-4年,武汉
销售工程师（双休）,机械/设备/重工,深圳市振豪密封技术有限公司,大专,6千-1万,1年,大连
区域销售经理（交换机/智能运维箱）,通信/电信/网络设备,深圳市巨联高科技有限公司,大专,8千-1.6万,3-4年,深圳
土建工程师,物业管理/商业中心,上海东津投资发展有限公司,本科,1.5-2万,5-7年,上海
销售外呼（华星奔驰武侯店）,汽车,华星锦业集团有限公司,高中,6千-1.2万,无需经验,成都
仓库管理员,电气/电力/水利,广东澳升能源科技有限公司,中技/中专,4.5-5.5千,1年,广州
机械工程师,机械/设备/重工,广州捷晟自动化控制设备有限公司,本科,1.2-2.4万,3-4年,广州
投标专员,房地产,深圳市艺越建设集团有限公司,本科,7-9千,2年,深圳
操作员/包装工/灌装工/普工,快速消费品(食品、饮料、化妆品),润本生物技术股份有限公司,,4-6千,1年,广州
销售代表,电子技术/半导体/集成电路,江苏矽莱克电子科技有限公司,大专,1-1.5万,1年,常州
销售代表,电子技术/半导体/集成电路,广州市泉之韵电子科技有限公司,大专,6千-1.2万,1年,广州
运维服务经理,多元化业务集团公司,艾博特（上海）电信科技有限公司,大专,1-1.5万,5-7年,上海
产品摄像师,贸易/进出口,摩米士科技（深圳）有限公司,大专,1.3-1.5万,3-4年,深圳
电气工程师,汽车,英华利汽车模具系统(深圳)有限公司,大专,1.3-2.5万,3-4年,深圳
区域销售经理（交换机/智能运维箱）,通信/电信/网络设备,深圳市巨联高科技有限公司,大专,8千-1.6万,3-4年,深圳
土建工程师,物业管理/商业中心,上海东津投资发展有限公司,本科,1.5-2万,5-7年,上海
电商平面设计师,贸易/进出口,摩米士科技（深圳）有限公司,大专,1-1.4万,3-4年,深圳
机械工程师,汽车,英华利汽车模具系统(深圳)有限公司,大专,1.1-1.6万,3-4年,深圳
销售外呼（华星奔驰武侯店）,汽车,华星锦业集团有限公司,高中,6千-1.2万,无需经验,成都
外贸业务员,家具/家电/玩具/礼品,广东力丰电器有限公司,大专,8千-1.5万,3-4年,惠州
总账会计,原材料和加工,江苏诚意集团有限公司,大专,5-6千,1年,徐州
采购主管/经理,多元化业务集团公司,深圳市神州通投资集团有限公司,本科,1.2-2万,5-7年,深圳
电商运营经理,贸易/进出口,渲美美健（深圳）科技股份有限公司,本科,1.5-2.5万,5-7年,深圳
自动化电控工程师,机械/设备/重工,苏州范瑞机电科技有限公司,大专,5-8千,1年,盐城
外派广州仓管员（番禺）,服装/纺织/皮革,福建浔兴拉链科技股份有限公司,高中,6-7千,无需经验,广州
销售精英（攸县、醴陵、株洲城区）,快速消费品(食品、饮料、化妆品),上海旺旺食品集团有限公司,高中,3-6千,1年,株洲
Specialist 专家（繁忙季节） - Apple Store 零售店,批发/零售,苹果贸易(上海)有限公司,大专,,无需经验,上海
智能灯光推广者,建筑/建材/工程,广州市金古惠照明有限公司,中技/中专,5千-1万,1年,广州
解决方案经理,环保,无锡康宇水处理设备有限公司,大专,10-20万/年,5-7年,杭州
外贸销售,服装/纺织/皮革,浙江红利集团有限公司,本科,1-1.2万,3-4年,上海
在线客服专员,互联网/电子商务,广州市乐华鸿盛贸易有限公司,中技/中专,4.5-9千,1年,广州
项目助理,建筑/建材/工程,广州市金古惠照明有限公司,中技/中专,3-5千,1年,广州
市政测量施工员,建筑/建材/工程,四川华鑫鼎盛建设工程有限公司,大专,1-1.2万,3-4年,成都
二手车评估师,汽车,东莞奥泽汽车销售服务有限公司,大专,5-8千,1年,东莞
销售主管（常驻安徽）,计算机软件,苏州华朋实业有限公司,中技/中专,6千-1.2万,3-4年,苏州
左岭世茂十里星河小区保安（消防设施证）4000-4200,生活服务,湖北中城特卫保安服务有限公司,初中及以下,4-4.2千,无需经验,武汉
加盟招商经理,餐饮业,武汉市和善园餐饮管理有限公司,本科,5千-1万,3-4年,武汉
数码网屏L350机长,印刷/包装/造纸,盈彩（恩平）包装科技有限公司,中技/中专,5-7千,2年,江门
财务会计,贸易/进出口,杭州步锐特橡塑制品有限公司,大专,6-8千,1年,杭州
PIE工程师（电子烟）,电子技术/半导体/集成电路,深圳冀豫恒科技有限公司,大专,1-1.5万,3-4年,深圳
UED,电子技术/半导体/集成电路,河南菠菜包电子科技有限公司,本科,4-6千,3-4年,郑州
销售工程师（锂电设备）,机械/设备/重工,深圳市尚水智能股份有限公司,大专,1-1.5万·24薪,3-4年,苏州
质量工程师,新能源,苏州快可光伏电子股份有限公司,大专,8千-1.2万,2年,崇左
外贸经理（耳机）,电子技术/半导体/集成电路,深圳市汉科电子股份有限公司,大专,1-2万,2年,东莞
会所接待主管,房地产,深圳市明昇发展有限公司,大专,1-1.4万·15薪,3-4年,深圳
销售工程师（锂电设备）,机械/设备/重工,深圳市尚水智能股份有限公司,大专,1-1.5万·24薪,3-4年,苏州
外贸经理（耳机）,电子技术/半导体/集成电路,深圳市汉科电子股份有限公司,大专,1-2万,2年,东莞
销售经理,电子技术/半导体/集成电路,柯依努（苏州）精密光电有限公司,大专,6千-1.2万,3-4年,常熟
销售助理/销售内勤,电子技术/半导体/集成电路,上海直能电力电子有限公司,本科,7千-1.4万,1年,上海
日语业务跟单,贸易/进出口,青岛贝来国际贸易有限公司,本科,4-7千,1年,青岛
车间核算员,电子技术/半导体/集成电路,常州丰盛光电科技股份有限公司,高中,3.5-4千,无需经验,常州
会计,电子技术/半导体/集成电路,柯依努（苏州）精密光电有限公司,本科,5.5-7千,2年,常熟
人力行政专员,专业服务(咨询、人力资源、财会),安徽未染包装材料有限公司,大专,3.5-4.3千,无需经验,滁州
业务拓展销售（工业）BDM Industry,机械/设备/重工,世万保制动器（上海）有限公司,本科,1.5-2.5万·13薪,5-7年,上海
人力资源专员,新能源,湖南永杉锂业有限公司,本科,5-6千,1年,长沙
财务经理,电子技术/半导体/集成电路,珠海中京电子电路有限公司,本科,2-2.5万,8-9年,珠海
电子焊锡工,机械/设备/重工,杭州力夫机电制造有限公司,初中及以下,6-7千,1年,杭州
运管专员,多元化业务集团公司,江苏龙城国有控股集团有限公司,本科,6.5千-1万,3-4年,常州
CNC/数控工程师,汽车零配件,摩擦一号制动科技（仙桃）有限公司,大专,6.5-9千,3-4年,仙桃
国际幼儿园中文主班,教育/培训/院校,苏州工业园区青剑湖伊顿幼儿园,大专,5.5-7千·13薪,2年,苏州
QE工程师,家具/家电/玩具/礼品,卓力电器集团有限公司,本科,8千-1.2万,3-4年,宁波
IQC质检员,贸易/进出口,荆州市信义工贸股份有限公司,中技/中专,4.2-6千,1年,荆州
证券经纪人（国企、央企、上市公司),金融/投资/证券,招商证券股份有限公司南京庐山路证券营业部,大专,6千-1.2万,无需经验,南京
青剑湖伊顿国际幼儿园 英语主班,教育/培训/院校,苏州工业园区青剑湖伊顿幼儿园,大专,5.5-7千·13薪,2年,苏州
汽配外贸采购,汽车零配件,上海麦锐特实业发展有限公司,大专,7千-1.2万,1年,上海
左岭世茂十里星河小区保安（消防设施证）4000-4200,生活服务,湖北中城特卫保安服务有限公司,初中及以下,4-4.2千,无需经验,武汉
加盟招商经理,餐饮业,武汉市和善园餐饮管理有限公司,本科,5千-1万,3-4年,武汉
内贸业务员(周末双休 五险一金）,贸易/进出口,杭州步锐特橡塑制品有限公司,大专,6千-1.2万,1年,杭州
PIE工程师（电子烟）,电子技术/半导体/集成电路,深圳冀豫恒科技有限公司,大专,1-1.5万,3-4年,深圳
质量工程师,新能源,苏州快可光伏电子股份有限公司,大专,8千-1.2万,2年,崇左
会所接待主管,房地产,深圳市明昇发展有限公司,大专,1-1.4万·15薪,3-4年,深圳
财务会计,贸易/进出口,杭州步锐特橡塑制品有限公司,大专,6-8千,1年,杭州
生产经理,快速消费品(食品、饮料、化妆品),朝一蛋品（上海）有限公司,大专,1-1.5万,5-7年,上海
普工,汽车,宁波路润冷却器制造有限公司,,6-8千,1年,宁波
大客户经理（机床行业）,机械/设备/重工,山东嘉瑞工业发展有限公司,高中,8千-1万,3-4年,潍坊
资材主管,仪器仪表/工业自动化,重庆辉生泰新材料科技有限公司,本科,1.5-2.5万·13薪,5-7年,苏州
嵌入式软件工程师,家具/家电/玩具/礼品,澳兰斯健康产业有限公司,大专,1.3-2.5万,5-7年,广州
客服专员,酒店/旅游,珠海海贝国际旅行社有限公司,中技/中专,4-6千,1年,珠海
机电安装专业监理员,专业服务(咨询、人力资源、财会),昆山市建设咨询监理有限公司,中技/中专,5-6千,1年,昆山
车间核算员,电子技术/半导体/集成电路,常州丰盛光电科技股份有限公司,高中,3.5-4千,无需经验,常州
人力行政专员,专业服务(咨询、人力资源、财会),安徽未染包装材料有限公司,大专,3.5-4.3千,无需经验,滁州
业务拓展销售（工业）BDM Industry,机械/设备/重工,世万保制动器（上海）有限公司,本科,1.5-2.5万·13薪,5-7年,上海
人力资源专员,新能源,湖南永杉锂业有限公司,本科,5-6千,1年,长沙
内审员,电子技术/半导体/集成电路,广州新锐光掩模科技有限公司,本科,1.5-3万·14薪,5-7年,广州
跨境电商经理,医疗设备/器械,珠海雅莎生物科技股份有限公司,大专,1.2-2万,5-7年,广州
采购员,汽车零配件,宁波捷司科技有限公司,大专,5-8千·13薪,2年,宁波
班车客运司机（A1兼职/临时）,交通/运输/物流,上海锦勤汽车服务有限公司,,400元/天,3-4年,上海
高级自动化机械工程师,仪器仪表/工业自动化,深圳市大德激光技术有限公司,本科,2-4万,10年以上,深圳
注塑模具工程师,汽车,重庆双英汽车配件制造有限公司,大专,8千-1万,3-4年,重庆
博士后,制药/生物工程,上海浦东解码生命科学研究院,博士,2-4万,无需经验,上海
机电安装工程师,机械/设备/重工,上海泉田机电有限公司,大专,6千-1万,1年,上海
区域大客户销售经理,交通/运输/物流,近铁国际物流（中国）有限公司上海分公司,大专,2-3万·13薪,5-7年,上海
先期质量工程师,汽车,重庆双英汽车配件制造有限公司,大专,8千-1万,3-4年,重庆
财务经理,医疗/护理/卫生,广东爱领医疗投资有限公司,本科,1-1.5万,3-4年,东莞
电子嵌入式电气工程师,制药/生物工程,上海横道线生命科技有限公司,大专,1.5-3万,5-7年,上海
技术支持/应用工程师（FAE）,电子技术/半导体/集成电路,四川升华电源科技有限公司,大专,8千-1.6万,3-4年,成都
电工班长（HJMT086）,机械/设备/重工,广州豪进集团有限公司,大专,5-7千·14薪,1年,广州
高薪聘请结构工程师待遇优,机械/设备/重工,合肥慧沃数控设备有限公司,大专,1.5-2万·13薪,3-4年,合肥
财务会计主管,制药/生物工程,上海横道线生命科技有限公司,大专,8千-1万·13薪,2年,上海
硬件销售工程师,电子技术/半导体/集成电路,四川升华电源科技有限公司,大专,6千-1.2万,1年,成都
行政专员,房地产,佛山华粤投资控股有限公司,大专,4-6千·13薪,无需经验,佛山
CNC编程技术人员,仪器仪表/工业自动化,冠威科技（武汉）有限公司,中技/中专,7-9千,3-4年,武汉
业务助理,原材料和加工,苏州鼎佳精密科技股份有限公司,大专,6-7千·13薪,1年,苏州
境外会计,电子技术/半导体/集成电路,广州晶和光电科技有限公司,本科,7千-1万,2年,广州
主体结构检测员,建筑/建材/工程,中山市南头铭兴建设工程质量检测有限公司,大专,3.5-6千,1年,中山
人力资源经理,仪器仪表/工业自动化,江苏高凯精密流体技术股份有限公司,本科,2-3万·13薪,8-9年,常州
嵌入式工程师,快速消费品(食品、饮料、化妆品),上海博爵企业管理咨询有限公司,大专,1.3-2万,3-4年,杭州
人力行政专员,专业服务(咨询、人力资源、财会),安徽未染包装材料有限公司,大专,3.5-4.3千,无需经验,滁州
商务助理,医疗设备/器械,昆明喜田松佰医疗器械有限公司,大专,4.5-6千,1年,昆明
业务拓展销售（工业）BDM Industry,机械/设备/重工,世万保制动器（上海）有限公司,本科,1.5-2.5万·13薪,5-7年,上海
人力资源专员,新能源,湖南永杉锂业有限公司,本科,5-6千,1年,长沙
留学咨询顾问,酒店/旅游,广州信旅出国咨询服务有限公司,大专,8千-1万,1年,广州
嵌入式软件工程师,医疗设备/器械,常州博恩中鼎医疗科技有限公司,本科,1.5-2万·13薪,5-7年,常州
采购员,汽车零配件,宁波捷司科技有限公司,大专,5-8千·13薪,2年,宁波
区域销售经理（驻济南）,医疗设备/器械,江苏钱璟医疗器械有限公司,大专,15-20万/年,3-4年,济南
激光工艺工程师（龙岗）+包住,仪器仪表/工业自动化,深圳市大德激光技术有限公司,本科,1-2万,1年,深圳
猪场综合员,农/林/牧/渔,深圳市京基智农时代股份有限公司,本科,5.5-6千,1年,茂名
装配工艺工程师（门板）,汽车,重庆双英汽车配件制造有限公司,大专,8千-1万,5-7年,重庆
区域大客户销售经理,交通/运输/物流,近铁国际物流（中国）有限公司上海分公司,大专,2-3万·13薪,5-7年,上海
高级自动化机械工程师,仪器仪表/工业自动化,深圳市大德激光技术有限公司,本科,2-4万,10年以上,深圳
材料化学行业销售工程师,检测，认证,上海微谱检测科技集团股份有限公司,本科,1.5-3万·13薪,1年,上海
注塑模具工程师,汽车,重庆双英汽车配件制造有限公司,大专,8千-1万,3-4年,重庆
合作律师,法律,广东笃一律师事务所,本科,5千-1万,1年,广州
FAE经理(MCU),电子技术/半导体/集成电路,上海道径电子科技有限公司,本科,2-2.5万,5-7年,上海
中级结构工程师,新能源,珠海英搏尔电气股份有限公司,本科,1.3-1.8万·13薪,3-4年,珠海
FCT设计工程师,电子技术/半导体/集成电路,苏州易德龙科技股份有限公司,本科,8千-1.2万,3-4年,苏州
生产部工艺技术员,制药/生物工程,嘉兴恒杰生物制药股份有限公司,大专,5-7千,1年,嘉兴
财务主管（总账会计）,农/林/牧/渔,广西金陵农牧集团有限公司,大专,6-9千,1年,南宁
IT技术支持,通信/电信/网络设备,浙江春芽科技有限公司,中技/中专,4-8千,1年,杭州
计划工程师,汽车,法雷奥汽车内部控制（上海）有限公司,本科,1-1.5万,3-4年,上海
质量主管-Quality Supervisor,机械/设备/重工,圣戈班（中国）投资有限公司,本科,1.2-2万·15薪,5-7年,上海
财务主管（总账会计）,农/林/牧/渔,广西金陵农牧集团有限公司,大专,6-9千,1年,南宁
第三方纺织品/服装检验员（福建）,检测，认证,宁波中普商品信息咨询服务有限公司上海分公司,大专,3.5-4千·13薪,1年,上海
生产经理,多元化业务集团公司,上海鹰觉科技有限公司,大专,6-9千,3-4年,上海
少儿英语老师,教育/培训/院校,瑞思学科英语,本科,5-8千,无需经验,中山
Key Account Manager 大客户经理,汽车,布雷博中国,本科,20-25万/年,8-9年,嘉兴
人事招聘专员,汽车,武汉盟盛人新能源汽车产业园发展股份有限公司,大专,3.5-4千,2年,武汉
智能家居设计师（米加系统）,计算机软件,贵州泰宇科技有限公司,大专,8千-1.2万,2年,贵阳
照明电气工程师,建筑/建材/工程,广东智源信达工程有限公司,大专,8千-1.2万,3-4年,广州
汽车事业部销售工程师,检测，认证,谱尼测试集团上海有限公司,本科,8千-1.2万,2年,上海
财富顾问,金融/投资/证券,银泰证券有限责任公司,大专,6千-1.2万,1年,宁波
疫苗推广专员,制药/生物工程,云南楹熙生物科技有限公司,大专,6-8千,2年,红河州
大客户代表,建筑/建材/工程,上海木雅实验室设备有限公司,大专,8千-1万,3-4年,上海
仓库质检管理员（皮具包包）,贸易/进出口,广州步步新贸易有限公司,中技/中专,4-7千,1年,广州
新媒体主播,房地产,台州申联置业有限公司,高中,7-8千,2年,台州
CNC操作员,通信/电信运营、增值服务,金岛精密科技（深圳）有限公司,初中及以下,6.1-7.1千,无需经验,深圳
工艺工程师,电子技术/半导体/集成电路,谦龙应用材料（苏州）有限公司,中技/中专,5.5-8千,无需经验,太仓
调试维护技术员,机械/设备/重工,东莞市冠佳电子设备有限公司,中技/中专,6-8千·13薪,2年,东莞
销售经理,仪器仪表/工业自动化,山东大世自动化科技有限公司,大专,4-6千·13薪,3-4年,潍坊
IPQC,通信/电信运营、增值服务,金岛精密科技（深圳）有限公司,,5.5-6.5千,1年,深圳
售后客服,交通/运输/物流,南京信禄君交通科技有限公司,大专,3.5-4.5千,无需经验,南京
各部门管理干部,电子技术/半导体/集成电路,湖北联新显示科技有限公司,大专,1-2万·13薪,3-4年,黄石
品质工程师,原材料和加工,佛山市本嘉新材料科技有限公司,大专,9千-1.3万·13薪,2年,佛山
坦克4S店销售顾问（长城品牌）,汽车,江苏宁枫投资发展集团有限公司,大专,1-2万,1年,南京
汽车变速器液压工程师（ZZ-HZ04）,汽车零配件,浙江万里扬股份有限公司,本科,1.2-1.8万·13薪,3-4年,杭州
电子焊锡工,机械/设备/重工,杭州力夫机电制造有限公司,初中及以下,6-7千,1年,杭州
运管专员,多元化业务集团公司,江苏龙城国有控股集团有限公司,本科,6.5千-1万,3-4年,常州
CNC/数控工程师,汽车零配件,摩擦一号制动科技（仙桃）有限公司,大专,6.5-9千,3-4年,仙桃
CNC操作工（急招）,汽车,上海典亚模具有限公司,中技/中专,7-9千,2年,上海
仓库管理员,电子技术/半导体/集成电路,杭州高裕电子科技股份有限公司,大专,5-8千·13薪,2年,杭州
商务主管（销售跟单）,电子技术/半导体/集成电路,武汉斯优光电技术有限公司,大专,5-8千,3-4年,武汉
PMC,计算机硬件,深圳市优彩佳科技有限公司,大专,6千-1万,2年,深圳
土建工程资料员,电气/电力/水利,浙江安胜捷能源建设有限公司,大专,5-6千,1年,浙江省
生产主管,快速消费品(食品、饮料、化妆品),沪金（苏州）实业有限公司,高中,0.8-1万,5-7年,太仓
财务主管（总账会计）,农/林/牧/渔,广西金陵农牧集团有限公司,大专,6-9千,1年,南宁
设备部部长,石油/化工/矿产/地质,帕特克（武汉）科技有限公司,大专,1-1.4万,5-7年,十堰
财务分析主管,服装/纺织/皮革,天虹（中国）投资有限公司,本科,1.5-2万·13薪,5-7年,上海
研发经理,新能源,苏州汇骏电子科技有限公司,大专,1-2万,5-7年,苏州
项目工程师,汽车,准特科技（苏州）有限公司,大专,6千-1万·14薪,5-7年,苏州
广西海南贵州区域销售（教育装备）,教育/培训/院校,江苏乐百仕教育科技有限公司,大专,6千-1.2万,1年,南京
线切割工,贸易/进出口,株洲固特机电模具制造有限公司,高中,5-8千,2年,长沙
江北大石坝商场急聘女装导购,服装/纺织/皮革,重庆市瑾凤服饰有限公司,高中,4-8千,无需经验,重庆
结构力学工程师,机械/设备/重工,苏州三峰激光科技有限公司,硕士,16-22万/年,3-4年,苏州
白酒业务员（底薪6K）,贸易/进出口,南京韵歌工贸有限公司,大专,7千-1.4万,1年,南京
项目经理-日系,汽车,敏实集团,本科,1-2万·15薪,3-4年,嘉兴
三次元测量工程师,贸易/进出口,深圳市中德模具科技有限公司,高中,8.5千-1.2万·13薪,2年,深圳
仓管员,计算机软件,河源市勤进达实业有限公司,高中,6-6.5千,2年,东莞
总经理专职司机（代招）,医疗/护理/卫生,杭州和合医学检验实验室有限公司,大专,6-8千·13薪,5-7年,杭州
生产经理,机械/设备/重工,宁波康居金属制品有限公司,大专,8千-1万,5-7年,宁波
出纳（总部岗位）,物业管理/商业中心,深圳市卓越商业管理有限公司,本科,7千-1万·15薪,2年,深圳
丝印工,计算机软件,河源市勤进达实业有限公司,初中及以下,5.5-7.5千,2年,东莞
仓库管理员,汽车零配件,森瑞（江苏）塑料制品有限公司,中技/中专,5.5-6千·13薪,2年,常州
招聘经理,公关/市场推广/会展,广东艺时代文化产业投资发展有限公司,大专,7.5-9千,2年,广州
IT主管/经理,物业管理/商业中心,深圳市卓越商业管理有限公司,本科,1-1.5万·15薪,3-4年,深圳
QC,计算机软件,河源市勤进达实业有限公司,初中及以下,5.5-7.5千,2年,东莞
嵌入式工程师,制药/生物工程,江苏博美达生命科学有限公司,本科,1.2-1.8万,3-4年,太仓
机加工报价工程师,原材料和加工,深圳市杰准精密机械有限公司,高中,1-1.5万,5-7年,深圳
模拟/电源集成电路设计工程师,电子技术/半导体/集成电路,北京普能微电子科技有限公司,硕士,3-6万,3-4年,南京
工艺研发工程师,汽车,苏州恩都法汽车系统股份有限公司,大专,9千-1.2万·13薪,10年以上,苏州
Java软件开发工程师,计算机软件,欧梯希软件（郑州）有限公司,大专,1-1.3万,1年,郑州
外贸业务员,贸易/进出口,上海昌军进出口贸易有限公司,大专,6-8千,2年,上海
主播（旅游行业）,酒店/旅游,深圳市温泉之家国际旅行社有限公司,高中,6.7-9千,1年,深圳
品质部 部长 （新能源）,新能源,深圳哲思锂电循环科技有限公司,本科,1.5-2万,5-7年,东莞
高级嵌入式软件工程师,通信/电信运营、增值服务,南京泰通科技股份有限公司,本科,2.3-3.5万·13薪,8-9年,南京
机械工程师,原材料和加工,株洲恒泰新材料有限公司,本科,7千-1万,3-4年,株洲
酒店经理,批发/零售,深圳市鸿都时尚投资发展有限公司,大专,7千-1.3万,2年,深圳
自媒体运营专员,教育/培训/院校,武汉哥图文化传媒有限公司,大专,4.5-9千,1年,武汉
生产主管,计算机硬件,三一智造（深圳）有限公司,中技/中专,0.8-1万,1年,深圳
安装工程经理,房地产,龙湖集团地产,本科,1.5-2.5万·13薪,5-7年,南京
公寓/市场管理员,批发/零售,深圳市鸿都时尚投资发展有限公司,高中,4-8千,2年,深圳
SMT设备工程师,电子技术/半导体/集成电路,苏州汉瑞森光电科技股份有限公司,中技/中专,9千-1.2万,2年,苏州
SMT拉长/领班/SMT副主管,计算机硬件,三一智造（深圳）有限公司,高中,6-8千,2年,深圳
大量招聘客服和审核人员,外包服务,上海煊橙信息科技有限公司,,3-5千,无需经验,柳州
审计经理,会计/审计,大信会计师事务所（特殊普通合伙）长沙分所,本科,8千-1万·16薪,5-7年,长沙
行政前台,电子技术/半导体/集成电路,常州鼎先电子有限公司,高中,4-5千,2年,常州
巡检员,机械/设备/重工,无锡市中天塑料保持架制造有限公司,中技/中专,5-7千,1年,无锡
英语助教,影视/媒体/艺术/文化传播,深圳市力中萱书店有限公司,本科,8千-1.2万,1年,深圳
主播（旅游行业）,酒店/旅游,深圳市温泉之家国际旅行社有限公司,高中,6.7-9千,1年,深圳
品质部 部长 （新能源）,新能源,深圳哲思锂电循环科技有限公司,本科,1.5-2万,5-7年,东莞
高级嵌入式软件工程师,通信/电信运营、增值服务,南京泰通科技股份有限公司,本科,2.3-3.5万·13薪,8-9年,南京
装配工,教育/培训/院校,江苏乐百仕教育科技有限公司,中技/中专,3.5-4.5千,2年,南京
机械工程师,原材料和加工,株洲恒泰新材料有限公司,本科,7千-1万,3-4年,株洲
QC 品检 验货员 质检员,贸易/进出口,深圳诺唯亚顾问有限公司,高中,6-7千,2年,深圳
酒店经理,批发/零售,深圳市鸿都时尚投资发展有限公司,大专,7千-1.3万,2年,深圳
客服服务经理,制药/生物工程,上海宗义实业发展有限公司,本科,1.5-2万,3-4年,滁州
自媒体运营专员,教育/培训/院校,武汉哥图文化传媒有限公司,大专,4.5-9千,1年,武汉
SMT工程师,计算机硬件,三一智造（深圳）有限公司,中技/中专,8千-1万,1年,深圳
公寓/市场管理员,批发/零售,深圳市鸿都时尚投资发展有限公司,高中,4-8千,2年,深圳
白云边酒--销售主管,快速消费品(食品、饮料、化妆品),武汉世纪达能商贸有限公司,中技/中专,7.5千-1.5万,2年,武汉
SMT设备工程师,电子技术/半导体/集成电路,苏州汉瑞森光电科技股份有限公司,中技/中专,9千-1.2万,2年,苏州
仓库管理员,计算机硬件,三一智造（深圳）有限公司,中技/中专,5.5-6.5千,无需经验,深圳
广州机场空运出口操作,计算机软件,广州世森国际货运代理有限公司,大专,5-6千,3-4年,广州
销售助理,快速消费品(食品、饮料、化妆品),河北美多乐商贸有限公司,大专,4-6千,3-4年,唐山
大量招聘客服和审核人员,外包服务,上海煊橙信息科技有限公司,,3-5千,无需经验,柳州
外观维修专员,计算机硬件,三一智造（深圳）有限公司,高中,7-10万/年,1年,深圳
Experienced ICT Engineer,新能源,SolarEdge Technologies China 所乐科技中国,本科,1.5-3万·13薪,10年以上,广州
采购助理,计算机软件,嘉兴云驰智能科技有限公司,大专,3.5-6千,1年,嘉兴
客服专员,快速消费品(食品、饮料、化妆品),良品铺子股份有限公司,大专,3-4千·13薪,1年,武汉
店经理（三亚海棠湾）,服装/纺织/皮革,PORTS,大专,1.6-2.5万,5-7年,三亚
(senior) Process Engineer,新能源,SolarEdge Technologies China 所乐科技中国,本科,1.5-3万·13薪,5-7年,广州
汇丰私人财富规划分区总经理,银行,汇丰保险经纪有限公司,本科,3-4万,8-9年,深圳
夏米尔慢走丝操作工,原材料和加工,成都鼎易精密模具有限公司,中技/中专,5千-1万,2年,成都
生产主管,电子技术/半导体/集成电路,新葓桥电子（昆山）有限公司,高中,8千-1.5万,5-7年,昆山
吾悦广场零售商户店长/店员,物业管理/商业中心,苏州新城吾悦商业管理有限公司,,5千-1万,1年,苏州
导演/编导,影视/媒体/艺术/文化传播,四川明星坊文化传播有限公司,大专,5千-1万,1年,广州
物业项目经理,物业管理/商业中心,北京信卫物业管理有限公司,本科,1.5-3万,5-7年,北京
大区销售经理,计算机软件,安徽汇智信息技术有限公司,本科,8千-1.5万·13薪,3-4年,合肥
室内设计师,家居/室内设计/装潢,广东卓艺设计顾问有限公司,大专,1-1.5万,5-7年,广州
质检工程师（代招）,汽车,珠海广通车辆制造有限公司,大专,7-8千,2年,珠海
系统运维工程师,快速消费品(食品、饮料、化妆品),广西叫酒网络科技有限公司,本科,1-1.5万·13薪,3-4年,南宁
汽车开关结构工程师,汽车零配件,广东森下汽车技术有限公司,本科,8千-1.5万,3-4年,广州
软装设计师,家居/室内设计/装潢,广东卓艺设计顾问有限公司,大专,1-2万,8-9年,广州
朝九晚六双休客服缴纳社保,计算机软件,上海帆驰信息技术有限公司,大专,4-6千,1年,安庆
系统运维工程师,快速消费品(食品、饮料、化妆品),广西叫酒网络科技有限公司,本科,1-1.5万·13薪,3-4年,南宁
硬件助理工程师,互联网/电子商务,熵基科技股份有限公司,本科,6-8千,无需经验,东莞
大区销售经理,计算机软件,安徽汇智信息技术有限公司,本科,8千-1.5万·13薪,3-4年,合肥
软装设计师,家居/室内设计/装潢,广东卓艺设计顾问有限公司,大专,1-2万,8-9年,广州
质检工程师（代招）,汽车,珠海广通车辆制造有限公司,大专,7-8千,2年,珠海
系统运维工程师,快速消费品(食品、饮料、化妆品),广西叫酒网络科技有限公司,本科,1-1.5万·13薪,3-4年,南宁
区域销售经理,计算机软件,安徽汇智信息技术有限公司,大专,5千-1万·13薪,3-4年,合肥
汽车开关结构工程师,汽车零配件,广东森下汽车技术有限公司,本科,8千-1.5万,3-4年,广州
朝九晚六双休客服缴纳社保,计算机软件,上海帆驰信息技术有限公司,大专,4-6千,1年,安庆
系统运维工程师,快速消费品(食品、饮料、化妆品),广西叫酒网络科技有限公司,本科,1-1.5万·13薪,3-4年,南宁
商务采购经理（海外采购）,医疗设备/器械,广州市中誉仪器科技有限公司,大专,1.5-1.7万·13薪,3-4年,广州
审计员,专业服务(咨询、人力资源、财会),罗致恒富人力资源（上海）有限公司,,1-1.5万,无需经验,苏州
医美中心行政院长,美容/保健,广东伊丽汇美容科技有限公司,大专,2-3万,2年,珠海
数据开发工程师（南宁）,快速消费品(食品、饮料、化妆品),广西叫酒网络科技有限公司,大专,8千-1.5万,3-4年,南宁
织造工艺工程师,原材料和加工,江苏爱索新材料科技有限公司,大专,4-6千,无需经验,泰州
技术支持工程师,计算机软件,上海云辰信息科技有限公司,中技/中专,4-5千,5-7年,南充
摄影师,航天/航空,中国空气动力研究与发展中心计算空气动力研究所,本科,6.5-10万/年,2年,绵阳
花型设计助理,服装/纺织/皮革,上海菲姿服饰有限公司,本科,5-7千,1年,上海
织造工艺工程师,原材料和加工,江苏爱索新材料科技有限公司,大专,4-6千,无需经验,泰州
采购专员（珠宝首饰行业+双休）,贸易/进出口,深圳市曼奇首饰有限公司,大专,9千-1.1万·15薪,3-4年,深圳
财务经理,电子技术/半导体/集成电路,上海拓异电子科技有限公司,大专,9千-1.3万·13薪,5-7年,上海
短视频达人,会计/审计,海南立刻财务咨询有限公司,大专,3.5-7千,1年,海口
场馆运营专员（文体公司）,影视/媒体/艺术/文化传播,重庆华熙国信体育文化产业发展有限公司,本科,4-4.5千,无需经验,重庆
财务会计,通信/电信运营、增值服务,爱讯达科技（深圳）有限公司,本科,1-1.5万,5-7年,深圳
会计,交通/运输/物流,星速拉美（深圳）跨境供应链管理有限公司,大专,8-9千·13薪,1年,深圳
社群运营,制药/生物工程,浙江方格药业有限公司,大专,6千-1.2万,1年,杭州
采购专员,医疗设备/器械,广州三拾七度医学技术有限公司,大专,5千-1万,3-4年,广州
会计,计算机软件,北京凯骐典盛商贸有限公司,大专,4-7千,1年,北京
汇丰私人财富规划师,银行,汇丰保险经纪有限公司,本科,8-9千,1年,上海
销售代表,电子技术/半导体/集成电路,江西屏飞科技有限公司,中技/中专,4-8千,无需经验,南昌
仓库主管,电子技术/半导体/集成电路,广东高标智能科技股份有限公司,本科,1.2-1.8万,5-7年,东莞
产业园运营主管,房地产,中信泰富（中国）投资有限公司,本科,6千-1万,1年,南京
销售总监,计算机软件,深圳市新天源电子有限公司,大专,1.5-2.5万,3-4年,深圳
西语翻译,交通/运输/物流,星速拉美（深圳）跨境供应链管理有限公司,本科,1.7-2.1万·13薪,1年,深圳
采购管理,家具/家电/玩具/礼品,浙江恒源洁具股份有限公司,大专,8千-1.5万,5-7年,台州
渠道拓展经理（工作地点：广州）,服装/纺织/皮革,利郎（中国）有限公司,大专,1.5-1.8万·15薪,5-7年,广州
交通水利编辑部助理编辑,文字媒体/出版,中国建材工业出版社,本科,6-8千,无需经验,北京
战略客户总监,金融/投资/证券,泰康养老保险股份有限公司浙江分公司,本科,7.5千-1.5万,3-4年,杭州
培训经理,电子技术/半导体/集成电路,上海光通信有限公司,本科,2-4万·13薪,8-9年,上海
项目策划（河西G53）,房地产,中海地产南京公司,本科,1.2-2万,3-4年,南京
营业员,贸易/进出口,深圳市兴昌宏投资有限公司,,3千及以下,无需经验,深圳
体内药理科学家,制药/生物工程,上海礼邦医药科技有限公司,本科,1-1.2万·14薪,2年,上海
外贸销售、财务、技能培训老师,计算机软件,浙江欣园科技有限公司,本科,5-9千,3-4年,杭州
新媒体运营,医疗/护理/卫生,成都美容整形医院有限公司,大专,4-7千,1年,成都
CQE工程师,多元化业务集团公司,霍尼韦尔（中国）有限公司,本科,1.5-2万·14薪,5-7年,苏州
电气设计工程师,机械/设备/重工,浙江永贵电器股份有限公司,本科,1.3-2万·13薪,3-4年,杭州
外贸销售、财务、技能培训老师,计算机软件,浙江欣园科技有限公司,本科,5-9千,3-4年,杭州
物流专员,电气/电力/水利,西安日立能源电力电容器有限公司,本科,9千-1.2万·13薪,2年,西安
汽车4S 店总经理,汽车,云南正能量汽车销售有限责任公司,大专,8千-1.5万,5-7年,昆明
企划,医疗/护理/卫生,成都恒轩企业管理有限公司,大专,4.5-7千,2年,成都
外贸销售、财务、技能培训老师,计算机软件,浙江欣园科技有限公司,本科,5-9千,3-4年,杭州
机械工程师（非标自动化）,制药/生物工程,成都瀚辰光翼生物工程有限公司,本科,1-2万·15薪,3-4年,成都
销售专员,多元化业务集团公司,资阳发展投资集团有限公司,本科,5.5-7万/年,无需经验,资阳
质检员,制药/生物工程,常州瑞曦生物科技有限公司,,6-8千,3-4年,常州
外贸销售、财务、技能培训老师,计算机软件,浙江欣园科技有限公司,本科,5-9千,3-4年,杭州
技术员(J10006),医疗设备/器械,苏州新劢德医疗器械科技有限公司,中技/中专,6千-1万,3-4年,苏州
医务处管理师,医疗/护理/卫生,南京明基医院有限公司,本科,5-8千,3-4年,南京
计划主管,新能源,鸿新新能源科技（云南）有限公司,大专,8千-1万,2年,大理
综合部（行政人事主管/经理）,快速消费品(食品、饮料、化妆品),上海沛华实业集团有限公司,本科,8千-1万,3-4年,成都
模具工程师,汽车,安徽尼威汽车动力系统有限公司,高中,8千-1.6万·13薪,5-7年,芜湖
弱电主任,物业管理/商业中心,粤海物业管理有限公司,本科,1-1.3万·13薪,3-4年,深圳
摄影师,影视/媒体/艺术/文化传播,广州市聚星文化传媒科技有限公司,大专,8千-1.3万,1年,广州
CAE仿真工程师,计算机软件,成都优仿科技有限公司,本科,6-12万/年,1年,成都
财务主管,环保,广州予能环保新材料有限公司,本科,1-1.8万,5-7年,广州
电子工程师,新能源,SolarEdge Technologies China 所乐科技中国,本科,1.5-2.5万·13薪,5-7年,广州
人事人员,电子技术/半导体/集成电路,宁波万芯诚电子科技有限公司,本科,5-7千,3-4年,宁波
资深/销售专员（口腔设备器械）,医疗设备/器械,上海松佰牙科器械有限公司,大专,6千-1万,2年,宁波
汇丰私人财富规划副经理,银行,汇丰保险经纪有限公司,本科,1-1.4万,3-4年,深圳
Experienced ICT Engineer,新能源,SolarEdge Technologies China 所乐科技中国,本科,1-2万,5-7年,广州
采购材料、设备质量管理,计算机软件,嘉兴云驰智能科技有限公司,大专,5千-1万,3-4年,嘉兴
平面设计师,物业管理/商业中心,新城控股集团股份有限公司,大专,5-5.7千,1年,西安
电商客服专员,房地产,广州中旗实业集团有限公司,大专,4-5千,1年,广州
客服专员,快速消费品(食品、饮料、化妆品),良品铺子股份有限公司,大专,3-4千·13薪,1年,武汉
采购助理,计算机软件,嘉兴云驰智能科技有限公司,大专,3.5-6千,1年,嘉兴
店经理（三亚海棠湾）,服装/纺织/皮革,PORTS,大专,1.6-2.5万,5-7年,三亚
汇丰私人财富规划分区总经理,银行,汇丰保险经纪有限公司,本科,3-4万,8-9年,深圳
夏米尔慢走丝操作工,原材料和加工,成都鼎易精密模具有限公司,中技/中专,5千-1万,2年,成都
生产主管,电子技术/半导体/集成电路,新葓桥电子（昆山）有限公司,高中,8千-1.5万,5-7年,昆山
吾悦广场零售商户店长/店员,物业管理/商业中心,苏州新城吾悦商业管理有限公司,,5千-1万,1年,苏州
导演/编导,影视/媒体/艺术/文化传播,四川明星坊文化传播有限公司,大专,5千-1万,1年,广州
物业项目经理,物业管理/商业中心,北京信卫物业管理有限公司,本科,1.5-3万,5-7年,北京
大区销售经理,计算机软件,安徽汇智信息技术有限公司,本科,8千-1.5万·13薪,3-4年,合肥
资深制剂研究员,制药/生物工程,杭州善礼生物医药科技有限公司,本科,1-2万,2年,杭州
招商专员、招商经理,快速消费品(食品、饮料、化妆品),无锡者天生物科技有限公司,高中,6-8千,2年,无锡
BMS软件工程师,电子技术/半导体/集成电路,炫途储能科技（上海）有限公司,本科,3-5万,2年,上海
业务代表,电子技术/半导体/集成电路,国巨电子（东莞）有限公司,大专,6千-1.2万·14薪,5-7年,东莞
销售代表/业务专员（包住宿+高提成）,计算机软件,深圳市新天源电子有限公司,中技/中专,5千-1万,1年,深圳
实习生,新能源,上海联颖新能源科技有限公司,大专,3-4千,无需经验,南通
BMS硬件高级工程师,电子技术/半导体/集成电路,炫途储能科技（上海）有限公司,硕士,2.5-5万,3-4年,上海
平面设计,物业管理/商业中心,重庆市聚信名家汇家居有限公司,大专,4-6千,1年,重庆
芯片销售/芯片业务员,计算机软件,深圳市新天源电子有限公司,高中,8千-1万,2年,深圳
QC,原材料和加工,怀德维新金属制品（深圳）有限公司,初中及以下,4-6千,1年,深圳
招采主管,多元化业务集团公司,资阳发展投资集团有限公司,本科,6-8万/年,2年,资阳
实验室操作员,医疗设备/器械,上海依视路光学有限公司,高中,4-5千,5-7年,镇江
芯片销售工程师（元器件（晶振）LCM优先）,计算机软件,深圳市新天源电子有限公司,高中,8千-1.5万,2年,深圳
电商授权店运营-手表事业部,贸易/进出口,卡西欧（中国）贸易有限公司,本科,9千-1.1万·17薪,2年,上海
ETL工程师,专业服务(咨询、人力资源、财会),利优科技资讯服务（深圳）有限公司,本科,4.5-5.5万·13薪,10年以上,上海
商品运营,服装/纺织/皮革,上海勒煜嘉品牌设计有限公司,本科,9千-1.2万·13薪,2年,上海
外贸电商运营,计算机软件,深圳市新天源电子有限公司,大专,6千-1万,2年,深圳
维修主管（电力电子设备）,新能源,北京迅巢科技有限公司,大专,8千-1万,5-7年,北京
体系审核员/非全职,检测，认证,上海磐正认证有限公司,本科,1千/天,3-4年,上海
汽车金融按揭专员,汽车,重庆格邦汽车销售服务有限公司,大专,5千-1万,1年,重庆
新媒体运营,医疗/护理/卫生,成都美容整形医院有限公司,大专,4-7千,1年,成都
电气设计工程师,机械/设备/重工,浙江永贵电器股份有限公司,本科,1.3-2万·13薪,3-4年,杭州
物流专员,电气/电力/水利,西安日立能源电力电容器有限公司,本科,9千-1.2万·13薪,2年,西安
外贸销售、财务、技能培训老师,计算机软件,浙江欣园科技有限公司,本科,5-9千,3-4年,杭州
汽车4S 店总经理,汽车,云南正能量汽车销售有限责任公司,大专,8千-1.5万,5-7年,昆明
财务人员,交通/运输/物流,广州长景国际货运代理有限公司,大专,6千-1.2万,3-4年,广州
企划,医疗/护理/卫生,成都恒轩企业管理有限公司,大专,4.5-7千,2年,成都
外贸销售、财务、技能培训老师,计算机软件,浙江欣园科技有限公司,本科,5-9千,3-4年,杭州
机械工程师（非标自动化）,制药/生物工程,成都瀚辰光翼生物工程有限公司,本科,1-2万·15薪,3-4年,成都
销售专员,多元化业务集团公司,资阳发展投资集团有限公司,本科,5.5-7万/年,无需经验,资阳
质检员,制药/生物工程,常州瑞曦生物科技有限公司,,6-8千,3-4年,常州
技术员(J10006),医疗设备/器械,苏州新劢德医疗器械科技有限公司,中技/中专,6千-1万,3-4年,苏州
财务经理,家居/室内设计/装潢,苏州乐庭家居用品有限公司,本科,1.5-2万,5-7年,苏州
医务处管理师,医疗/护理/卫生,南京明基医院有限公司,本科,5-8千,3-4年,南京
计划主管,新能源,鸿新新能源科技（云南）有限公司,大专,8千-1万,2年,大理
综合部（行政人事主管/经理）,快速消费品(食品、饮料、化妆品),上海沛华实业集团有限公司,本科,8千-1万,3-4年,成都
摄影师,影视/媒体/艺术/文化传播,广州市聚星文化传媒科技有限公司,大专,8千-1.3万,1年,广州
自动化专员,多元化业务集团公司,上海桑能国际贸易有限公司,高中,5-8千,无需经验,昆山
高端化妆品集合店店长-合肥砂之船,快速消费品(食品、饮料、化妆品),上海粉提化妆品有限公司,,9千-1.5万,3-4年,合肥
快消品业务员（会开车）,快速消费品(食品、饮料、化妆品),武汉市兴利天商贸有限公司,高中,6-8千,1年,武汉
楼栋管家（物业）,房地产,广东广田丰投资集团有限公司,大专,4.2-5千·13薪,1年,广州
成本招采经理,建筑/建材/工程,中国电子系统工程第三建设有限公司,大专,1-2万,3-4年,苏州
1,贸易/进出口,杭州臻元休闲用品有限公司,大专,8-10万/年,2年,杭州
产品经理（国际物流）,交通/运输/物流,广东省智慧陆港管理有限公司,本科,1.5-3万,8-9年,佛山
主业管理专员,多元化业务集团公司,资阳发展投资集团有限公司,本科,7-10万/年,2年,资阳
外贸业务员（双休包吃住）,机械/设备/重工,常州市禾昌智能科技有限公司,大专,6千-1.2万·13薪,1年,常州
销售代表,电气/电力/水利,上海凯泉泵业(集团)有限公司南京分公司,大专,8千-1万,1年,南京
装配工,新能源,上海康耐拓汽车科技有限公司,初中及以下,7-9千,1年,苏州
客服管培生(24届校招),石油/化工/矿产/地质,江苏龙蟠新材料科技有限公司,本科,5-8千,无需经验,南京
营销经理,环保,江苏华展环境艺术股份有限公司,大专,5千-1万,无需经验,宿迁
稽查专员,餐饮业,佛山市顺德区太艮堡毋米粥饮食服务有限公司,中技/中专,6-8千,3-4年,佛山
IT系统工程师,通信/电信运营、增值服务,爱讯达科技（深圳）有限公司,本科,1-2万,3-4年,西安
机械工程师中高级（江阴）,仪器仪表/工业自动化,江苏雷博科学仪器有限公司,本科,8千-1.6万·13薪,3-4年,无锡
机器视觉调试工程师,仪器仪表/工业自动化,上海锡明光电科技有限公司,大专,1.2-1.8万,3-4年,北京
质量工程师,汽车,梦达一驰汽车零部件（重庆）有限公司,大专,1-1.1万,3-4年,重庆
IT系统运维工程师,通信/电信运营、增值服务,爱讯达科技（深圳）有限公司,本科,1-2万,3-4年,南京
售后部经理,仪器仪表/工业自动化,江苏雷博科学仪器有限公司,大专,1.5-2.5万·14薪,5-7年,无锡
C#软件工程师,计算机软件,长沙炯辉信息技术有限公司,大专,1-1.5万,5-7年,长沙
平面设计师,印刷/包装/造纸,武汉市天虹纸塑彩印有限公司,中技/中专,4-6千,1年,武汉
网络运维工程师,通信/电信运营、增值服务,爱讯达科技（深圳）有限公司,本科,1-2万,3-4年,北京
药店营业员-大德路,制药/生物工程,广东圆心药业有限公司,中技/中专,4-8千,1年,广州
机械工程师,电子技术/半导体/集成电路,博轶胜自动化科技（无锡）有限公司,大专,8千-1.5万·13薪,3-4年,无锡
PCB Layout,电子技术/半导体/集成电路,芯科集成电路（苏州）有限公司,本科,8千-1.5万·15薪,3-4年,苏州
招商专员、招商经理,快速消费品(食品、饮料、化妆品),无锡者天生物科技有限公司,高中,6-8千,2年,无锡
BMS软件工程师,电子技术/半导体/集成电路,炫途储能科技（上海）有限公司,本科,3-5万,2年,上海
业务代表,电子技术/半导体/集成电路,国巨电子（东莞）有限公司,大专,6千-1.2万·14薪,5-7年,东莞
销售代表/业务专员（包住宿+高提成）,计算机软件,深圳市新天源电子有限公司,中技/中专,5千-1万,1年,深圳
实习生,新能源,上海联颖新能源科技有限公司,大专,3-4千,无需经验,南通
BMS硬件高级工程师,电子技术/半导体/集成电路,炫途储能科技（上海）有限公司,硕士,2.5-5万,3-4年,上海
资深抖音运营,原材料和加工,广东拓必拓科技股份有限公司,大专,2.5-4万,3-4年,广州
芯片销售/芯片业务员,计算机软件,深圳市新天源电子有限公司,高中,8千-1万,2年,深圳
招采主管,多元化业务集团公司,资阳发展投资集团有限公司,本科,6-8万/年,2年,资阳
实验室操作员,医疗设备/器械,上海依视路光学有限公司,高中,4-5千,5-7年,镇江
ETL工程师,专业服务(咨询、人力资源、财会),利优科技资讯服务（深圳）有限公司,本科,4.5-5.5万·13薪,10年以上,上海
商品运营,服装/纺织/皮革,上海勒煜嘉品牌设计有限公司,本科,9千-1.2万·13薪,2年,上海
维修主管（电力电子设备）,新能源,北京迅巢科技有限公司,大专,8千-1万,5-7年,北京
体系审核员/非全职,检测，认证,上海磐正认证有限公司,本科,1千/天,3-4年,上海
汽车金融按揭专员,汽车,重庆格邦汽车销售服务有限公司,大专,5千-1万,1年,重庆
物业传媒业务主管,物业管理/商业中心,广州天力物业发展有限公司惠州分公司,大专,7-8千,3-4年,惠州
康复科主任,多元化业务集团公司,康亦健（集团）有限公司,大专,1-2万,5-7年,广州
成本招采经理,建筑/建材/工程,中国电子系统工程第三建设有限公司,大专,1-2万,3-4年,苏州
物业环境主管,物业管理/商业中心,广州天力物业发展有限公司杭州分公司,高中,7-8千·13薪,2年,宁波
1,贸易/进出口,杭州臻元休闲用品有限公司,大专,8-10万/年,2年,杭州
主业管理专员,多元化业务集团公司,资阳发展投资集团有限公司,本科,7-10万/年,2年,资阳
成本招采经理,建筑/建材/工程,中国电子系统工程第三建设有限公司,大专,1-2万,3-4年,苏州
装配工,新能源,上海康耐拓汽车科技有限公司,初中及以下,7-9千,1年,苏州
营销经理,环保,江苏华展环境艺术股份有限公司,大专,5千-1万,无需经验,宿迁
差旅顾问,酒店/旅游,上海恒顺旅行（集团）有限公司,大专,6千-1.2万,3-4年,上海
稽查专员,餐饮业,佛山市顺德区太艮堡毋米粥饮食服务有限公司,中技/中专,6-8千,3-4年,佛山
IT系统工程师,通信/电信运营、增值服务,爱讯达科技（深圳）有限公司,本科,1-2万,3-4年,西安
电气工程师（江阴）,仪器仪表/工业自动化,江苏雷博科学仪器有限公司,本科,8千-1.5万·13薪,5-7年,无锡
质量工程师,汽车,梦达一驰汽车零部件（重庆）有限公司,大专,1-1.1万,3-4年,重庆
采购员,印刷/包装/造纸,武汉市天虹纸塑彩印有限公司,高中,4.5-6千,1年,武汉
IT系统运维工程师,通信/电信运营、增值服务,爱讯达科技（深圳）有限公司,本科,1-2万,3-4年,南京
机械工程师中高级（江阴）,仪器仪表/工业自动化,江苏雷博科学仪器有限公司,本科,8千-1.6万·13薪,3-4年,无锡
销售经理-专员,专业服务(咨询、人力资源、财会),禾润科晟（苏州）知识产权运营有限公司,本科,1-1.5万,3-4年,苏州
淘宝客服,服装/纺织/皮革,杭州英族服饰有限公司,,4.5-6千,1年,杭州
网络运维工程师,通信/电信运营、增值服务,爱讯达科技（深圳）有限公司,本科,1-2万,3-4年,北京
售后部经理,仪器仪表/工业自动化,江苏雷博科学仪器有限公司,大专,1.5-2.5万·14薪,5-7年,无锡
保安,贸易/进出口,深圳市威捷机电股份公司,,4-5千,1年,深圳
大客户销售工程师（长沙）,计算机软件,上海威强电工业电脑有限公司,大专,7千-1.2万,2年,长沙
项目经理（车载）,计算机硬件,深圳市凌度汽车电子有限公司,大专,1.5-2.2万,5-7年,深圳
急招文员一名,仪器仪表/工业自动化,上海午阳电子科技有限公司,大专,5.5-5.7千,1年,上海
绿化主管,物业管理/商业中心,深圳市万厦世纪物业管理有限公司,中技/中专,5-7千,2年,深圳
电商运营专员,快速消费品(食品、饮料、化妆品),长沙金果百货有限责任公司,大专,4.5-6千·13薪,1年,长沙
亚马逊计划专员,计算机硬件,深圳市凌度汽车电子有限公司,大专,6-7千,2年,深圳
摩恩卫浴安徽区域招商经理,建筑/建材/工程,合肥美莱建材有限公司,,8千-1.2万,1年,合肥
车间管理员,家具/家电/玩具/礼品,欧派家居集团股份有限公司,大专,8千-1.2万,2年,天津
电气工程师,仪器仪表/工业自动化,杭州海兴电力科技股份有限公司,本科,1.2-1.5万·13薪,5-7年,南京
内控审计中心经理/高级经理,服装/纺织/皮革,劲霸男装（上海）有限公司,本科,2.5-3.8万·14薪,10年以上,上海
服装制版师,服装/纺织/皮革,苏州新润祺纺织品有限公司,高中,1-1.5万,5-7年,苏州
单证员,交通/运输/物流,广东万纬冷链物流有限公司,大专,5.5-7千,1年,广州
储备干部,石油/化工/矿产/地质,湖北仙粼化工有限公司,大专,4.5-5.5千·13薪,无需经验,仙桃
大区经理,家居/室内设计/装潢,广州奥舒普门窗有限公司,本科,7千-1万,2年,广州
水电维修工,通信/电信运营、增值服务,广州尚航信息科技股份有限公司,中技/中专,4-6千,1年,无锡
V槽机长,印刷/包装/造纸,广东高义包装科技股份有限公司,,6.5-7.5千,2年,东莞
财务管培生,农/林/牧/渔,湖南龙华农牧发展有限公司,硕士,8千-1.2万·14薪,无需经验,株洲
Car-T运营专员(COS ),制药/生物工程,南京驯鹿生物技术股份有限公司,大专,7千-1.3万,2年,济南
电话销售专员（五险双休+奖金+提成,会计/审计,云南誉钧财税管理有限公司,大专,3-6千,1年,昆明
手啤机长,印刷/包装/造纸,广东高义包装科技股份有限公司,,6.8-7千,2年,东莞
投资管理专员,多元化业务集团公司,资阳发展投资集团有限公司,本科,7-10万/年,3-4年,资阳
人事专员（偏招聘）(A196771),医疗设备/器械,上海汇像信息技术有限公司,本科,8-9千,3-4年,上海
售后主管,机械/设备/重工,深圳市创一智能装备有限公司,大专,1-1.5万,5-7年,深圳
总账会计,贸易/进出口,源丰（广州）贸易有限公司,本科,8千-1.2万,5-7年,广州
法务部文员,专业服务(咨询、人力资源、财会),薪得付信息技术(上海)有限公司,大专,5-6千,1年,深圳
车辆维修工程师-北京-00071,交通/运输/物流,北京京港地铁有限公司,本科,1-1.5万,5-7年,北京
短视频剪辑师,互联网/电子商务,苏州抖爆同城信息科技有限公司,大专,8千-1.6万,1年,昆山
网络客服,互联网/电子商务,广东弘斯特医疗信息科技有限公司,大专,4-8千,3-4年,珠海
Senior Engineer, HVAC 暖通专业高级工程师(004070),石油/化工/矿产/地质,巴斯夫一体化基地（广东）,本科,1.2-2.5万,10年以上,湛江
外贸单证员,娱乐/休闲/体育,浙江慧冠休闲用品有限公司,大专,5-8千,1年,宁波
吹灌操作员,快速消费品(食品、饮料、化妆品),可口可乐装瓶商生产（杭州）有限公司,高中,4.5-5.5千·13薪,1年,杭州
生产技术员,汽车零配件,霍勤（上海）汽车零部件有限公司,中技/中专,1-1.1万,2年,上海
电商设计/平面设计/美工,快速消费品(食品、饮料、化妆品),上海方广食品有限公司,大专,6-8千,1年,扬州
外贸业务员,娱乐/休闲/体育,浙江慧冠休闲用品有限公司,大专,6千-1.2万,1年,宁波
城市主管 City Supervisor,快速消费品(食品、饮料、化妆品),不凡帝范梅勒糖果（中国）有限公司,大专,8千-1.2万,5-7年,焦作
投资策划专员岗,多元化业务集团公司,资阳发展投资集团有限公司,本科,7-10万/年,1年,资阳
销售工程师,制药/生物工程,南京巨匠生物科技有限公司,本科,6千-1.2万,1年,南京
行政前台,新能源,安徽驭风能源科技有限公司,大专,4.5-6千,2年,上海
抖音店铺运营专员,快速消费品(食品、饮料、化妆品),上海方广食品有限公司,大专,8千-1万,1年,扬州
投标经理,贸易/进出口,杭州比驰进出口有限公司,大专,6千-1.2万,5-7年,杭州
资深产品经理（硬件）,计算机软件,上海威强电工业电脑有限公司,本科,1.5-2.5万·14薪,5-7年,上海
会计文员,建筑/建材/工程,中扬建设集团有限公司,大专,5-7千,2年,深圳
材料无损检测分析技术工程师,航天/航空,西安特飞检测技术研究院有限公司,本科,6-8千,3-4年,西安
男装销售员,服装/纺织/皮革,昆明市官渡区石平富服装经营部,初中及以下,3.5-5千,无需经验,楚雄
大客户销售工程师（长沙）,计算机软件,上海威强电工业电脑有限公司,大专,7千-1.2万,2年,长沙
项目经理（车载）,计算机硬件,深圳市凌度汽车电子有限公司,大专,1.5-2.2万,5-7年,深圳
急招文员一名,仪器仪表/工业自动化,上海午阳电子科技有限公司,大专,5.5-5.7千,1年,上海
法务主管（EPC）,新能源,寰泰能源股份有限公司,本科,2-3万,5-7年,上海
摩恩卫浴安徽区域招商经理,建筑/建材/工程,合肥美莱建材有限公司,,8千-1.2万,1年,合肥
电气工程师,仪器仪表/工业自动化,杭州海兴电力科技股份有限公司,本科,1.2-1.5万·13薪,5-7年,南京
单证员,交通/运输/物流,广东万纬冷链物流有限公司,大专,5.5-7千,1年,广州
初高理科老师,教育/培训/院校,广州清大锐思教育咨询有限公司,本科,8千-1.6万,3-4年,广州
大区经理,家居/室内设计/装潢,广州奥舒普门窗有限公司,本科,7千-1万,2年,广州
水电维修工,通信/电信运营、增值服务,广州尚航信息科技股份有限公司,中技/中专,4-6千,1年,无锡
收入会计,快速消费品(食品、饮料、化妆品),广州鹰金钱食品集团有限公司,大专,3.7-4.5千·13薪,1年,广州
电话销售专员（五险双休+奖金+提成,会计/审计,云南誉钧财税管理有限公司,大专,3-6千,1年,昆明
手啤机长,印刷/包装/造纸,广东高义包装科技股份有限公司,,6.8-7千,2年,东莞
葡萄酒门店营业员,批发/零售,爱诺特卡酒业贸易（上海）有限公司,中技/中专,6-8千·13薪,1年,杭州
应用开发工程师,电子技术/半导体/集成电路,博思发科技（深圳）有限公司,本科,1.5-2万,5-7年,深圳
核算会计,会计/审计,云南誉钧财税管理有限公司,大专,5千-1万,2年,昆明
项目招引专员岗,多元化业务集团公司,资阳发展投资集团有限公司,本科,7-10万/年,1年,资阳
海外产品经理,专业服务(咨询、人力资源、财会),徐州联仕方达人力资源有限公司,本科,25-30万/年,3-4年,徐州
亚马逊运营助理（精品）,互联网/电子商务,深圳市伟跃科技有限公司,本科,6-8千·13薪,1年,深圳
外贸专员,贸易/进出口,武汉晨之昊露咨询服务有限公司,大专,4.5-9千,3-4年,武汉
材料金相组织分析技术工程师,航天/航空,西安特飞检测技术研究院有限公司,硕士,6.5-7.5千,3-4年,西安
商务专员,建筑/建材/工程,湖北垚丰建设工程咨询有限公司,大专,6-8千,3-4年,武汉
资深产品经理（硬件）,计算机软件,上海威强电工业电脑有限公司,本科,1.5-2.5万·14薪,5-7年,上海
材料测试工程师,计算机软件,武汉佰钧成技术有限责任公司,本科,8千-1.3万,2年,深圳
行政专员,酒店/旅游,广州广之旅国际旅行社股份有限公司,本科,7千-1.2万,3-4年,广州
会计文员,建筑/建材/工程,中扬建设集团有限公司,大专,5-7千,2年,深圳
大客户销售工程师（长沙）,计算机软件,上海威强电工业电脑有限公司,大专,7千-1.2万,2年,长沙
项目经理（车载）,计算机硬件,深圳市凌度汽车电子有限公司,大专,1.5-2.2万,5-7年,深圳
绿化主管,物业管理/商业中心,深圳市万厦世纪物业管理有限公司,中技/中专,5-7千,2年,深圳
电商运营专员,快速消费品(食品、饮料、化妆品),长沙金果百货有限责任公司,大专,4.5-6千·13薪,1年,长沙
Information Security,金融/投资/证券,枫国宏利信息科技服务（成都）有限公司,本科,1.2-1.8万,5-7年,成都
跨境财务BP,计算机硬件,深圳市凌度汽车电子有限公司,本科,1-1.3万,3-4年,深圳
电气工程师,仪器仪表/工业自动化,杭州海兴电力科技股份有限公司,本科,1.2-1.5万·13薪,5-7年,南京
单证员,交通/运输/物流,广东万纬冷链物流有限公司,大专,5.5-7千,1年,广州
厨工,石油/化工/矿产/地质,惠州市安品新材料有限公司,初中及以下,3.5-4.5千,1年,惠州
初高理科老师,教育/培训/院校,广州清大锐思教育咨询有限公司,本科,8千-1.6万,3-4年,广州
安全管理员,快速消费品(食品、饮料、化妆品),必优食品科技（江苏）有限公司,中技/中专,5-7千·13薪,2年,常熟
海珠番禺区助理业务代表-理货员,快速消费品(食品、饮料、化妆品),广州市天泷食品有限公司,初中及以下,3-5千,2年,广州
工厂负责人,交通/运输/物流,重庆共一集团有限公司,大专,9千-1.2万,5-7年,广安
通号维修工程师（主信号方向）-北京-00052,交通/运输/物流,北京京港地铁有限公司,大专,1-1.5万,5-7年,北京
结构设计助理工程师,汽车零配件,南京睿行智车科技有限责任公司,本科,6-9千,2年,南京
招生老师,教育/培训/院校,广州市黄埔区韶华幼儿园有限公司,本科,8-9千,1年,广州
MES网络管理员,汽车零配件,杭州人人集团有限公司,大专,8-15万/年,3-4年,湖州
资产工程师-北京-01137,交通/运输/物流,北京京港地铁有限公司,本科,1-1.2万,5-7年,北京
业务助理,电子技术/半导体/集成电路,吴江市东江精密五金电子有限公司,中技/中专,4.5-6千,2年,苏州
大湾区销售经理,快速消费品(食品、饮料、化妆品),广州市天泷食品有限公司,高中,6千-1万,3-4年,广州
工程资料员（四川自贡）,贸易/进出口,四川宏森越科技有限公司,大专,5-8千,2年,自贡
预处理操作工,环保,深圳市利赛环保科技有限公司,高中,5.5-7千,2年,深圳
3D建模设计师,服装/纺织/皮革,广州市路望皮具制品有限公司,大专,5千-1万,1年,广州
广州销售代表,快速消费品(食品、饮料、化妆品),广州市天泷食品有限公司,高中,5-8千,1年,广州
业务经理,环保,湖南迈哈特环保科技有限公司,大专,4-8千,3-4年,长沙
开发报建专员,建筑/建材/工程,深圳市金信联投资有限公司,大专,8千-1.2万,2年,深圳
焊工,机械/设备/重工,湖南星宇龙机械有限公司,,7.5千-1.2万,1年,长沙
青岛市南写字楼高工资管住招保洁,物业管理/商业中心,北京三和晨光物业管理有限公司,,2.6-4.2千,无需经验,青岛
销售总监,医疗设备/器械,云南昆药医疗器械有限公司,大专,15-20万/年,5-7年,昆明
物业客服管家,物业管理/商业中心,深圳君瑞国际物业管理有限公司,大专,7-8千·13薪,1年,东莞
生产课长,电子技术/半导体/集成电路,佛山市南海勤智灯饰有限公司,中技/中专,6.5-8千,1年,佛山
海珠番禺区助理业务代表-理货员,快速消费品(食品、饮料、化妆品),广州市天泷食品有限公司,初中及以下,3-5千,2年,广州
工厂负责人,交通/运输/物流,重庆共一集团有限公司,大专,9千-1.2万,5-7年,广安
结构设计助理工程师,汽车零配件,南京睿行智车科技有限责任公司,本科,6-9千,2年,南京
业务助理,电子技术/半导体/集成电路,吴江市东江精密五金电子有限公司,中技/中专,4.5-6千,2年,苏州
工程资料员（四川自贡）,贸易/进出口,四川宏森越科技有限公司,大专,5-8千,2年,自贡
珠宝商品经理,奢侈品/收藏品/工艺品/珠宝,深圳华里祺祥实业有限公司,大专,8千-1.5万,2年,深圳
资深专利代理师（材料化学）,新能源,清陶（昆山）能源发展股份有限公司,硕士,21-30万/年,2年,昆山
预处理操作工,环保,深圳市利赛环保科技有限公司,高中,5.5-7千,2年,深圳
3D建模设计师,服装/纺织/皮革,广州市路望皮具制品有限公司,大专,5千-1万,1年,广州
业务经理,环保,湖南迈哈特环保科技有限公司,大专,4-8千,3-4年,长沙
单片机工程师,航天/航空,深圳市高巨创新科技开发有限公司,本科,1.3-2万,2年,深圳
开发报建专员,建筑/建材/工程,深圳市金信联投资有限公司,大专,8千-1.2万,2年,深圳
焊工,机械/设备/重工,湖南星宇龙机械有限公司,,7.5千-1.2万,1年,长沙
青岛市南写字楼高工资管住招保洁,物业管理/商业中心,北京三和晨光物业管理有限公司,,2.6-4.2千,无需经验,青岛
销售总监,医疗设备/器械,云南昆药医疗器械有限公司,大专,15-20万/年,5-7年,昆明
实验室检测员,机械/设备/重工,上海长肯试验设备（集团）有限公司,大专,6-9千,1年,上海
物业客服管家,物业管理/商业中心,深圳君瑞国际物业管理有限公司,大专,7-8千·13薪,1年,东莞
生产工艺工程师,计算机软件,中海储能科技（北京）有限公司,本科,1-1.8万,3-4年,北京
客服,物业管理/商业中心,苏州中锐华田物业管理有限责任公司,中技/中专,6.8-7.5千,1年,苏州
PACK 工程师,新能源,万达电智能科技（昆山）有限公司,本科,8千-1.5万,1年,昆山
弱电设计师（广州项目）,通信/电信/网络设备,广州尚朗信息科技股份有限公司,本科,1.8-2.5万,3-4年,广州
人资专员,建筑/建材/工程,建华建材（苏州）有限公司,本科,6-8千·13薪,1年,南通
招商经理,房地产,深圳市万科物流管理有限公司,大专,6千-1.2万,3-4年,南宁
BOM专员,新能源,万达电智能科技（昆山）有限公司,大专,4-6千,1年,昆山
生产计划员,新能源,能翊行（苏州）科技有限公司,大专,4.5-6千,1年,苏州
技术负责人（储备）,建筑/建材/工程,昊滇建设集团有限公司,本科,8千-1.2万,3-4年,昆明
山东商销主管,制药/生物工程,浙江瑞利药业有限公司,本科,6千-1万,3-4年,济南
党务干事,物业管理/商业中心,招商积余南航（广州）物业服务有限公司,本科,6千-1.2万,2年,广州
客服专员/助理,物业管理/商业中心,上海金光外滩置地有限公司,大专,8千-1万,1年,上海
货运司机,交通/运输/物流,深圳市德纵国际物流有限公司,,6-7千,1年,深圳
电子工程师,机械/设备/重工,苏州亮明工具有限公司,本科,1.2-1.5万·13薪,3-4年,苏州
物流规划工程师,汽车零配件,青岛富晟李尔汽车座椅系统有限公司,本科,6-9千·15薪,2年,青岛
销售经理,贸易/进出口,上海齐凤商贸有限公司,大专,8千-1万,无需经验,上海
品质制程经理（懂锂电工具行业）,机械/设备/重工,浙江德硕科技股份有限公司,大专,1-1.5万,3-4年,金华
技术客服,计算机软件,广州市超赢信息科技有限公司,大专,4-6千,1年,广州
零部件采购工程师,专业服务(咨询、人力资源、财会),AMARIS摩芮思科技咨询（上海）有限公司,本科,1.2-2.4万·13薪,1年,北京
区域销售经理,贸易/进出口,上海齐凤商贸有限公司,大专,8千-1万,无需经验,上海
EHS专员,建筑/建材/工程,西卡（中国）有限公司,本科,8千-1万·14薪,3-4年,上海
新媒体运营,快速消费品(食品、饮料、化妆品),宁波市橙心臻选食品有限公司,本科,6-8千,2年,宁波
SMT品质领班,计算机软件,东莞市金邦尼电子科技有限公司,高中,6-8千,2年,东莞
华盖厂商销售专员,通信/电信/网络设备,上海华盖科技发展股份有限公司,本科,3-6千,1年,太原
销售工程师,机械/设备/重工,上海长肯试验设备（集团）有限公司,本科,6千-1.2万,3-4年,上海
直营运营经理,批发/零售,四川省涛胜贸易有限公司,高中,8千-1万,3-4年,成都
SMT生产领班,计算机软件,东莞市金邦尼电子科技有限公司,高中,7-8.5千,2年,东莞
华盖厂商销售专员,通信/电信/网络设备,上海华盖科技发展股份有限公司,本科,3-6千,1年,太原
PACK 工程师,新能源,万达电智能科技（昆山）有限公司,本科,8千-1.5万,1年,昆山
弱电设计师（广州项目）,通信/电信/网络设备,广州尚朗信息科技股份有限公司,本科,1.8-2.5万,3-4年,广州
人资专员,建筑/建材/工程,建华建材（苏州）有限公司,本科,6-8千·13薪,1年,南通
快易冷销售工程师,石油/化工/矿产/地质,空气化工产品气体生产（上海）有限公司,大专,15-25万/年,2年,嘉兴
生产计划员,新能源,能翊行（苏州）科技有限公司,大专,4.5-6千,1年,苏州
废气工艺设计工程师,环保,湖南迈哈特环保科技有限公司,本科,6千-1.1万,3-4年,长沙
区域销售总监（水环境方向）,建筑/建材/工程,苏邑设计集团有限公司,大专,1-2万,无需经验,南京
客服专员/助理,物业管理/商业中心,上海金光外滩置地有限公司,大专,8千-1万,1年,上海
DCDC软件开发工程师,汽车,浙江航驱汽车科技有限公司,本科,2-3万·13薪,5-7年,杭州
PE(工作地点：吴中区胥口镇),家具/家电/玩具/礼品,金华春光橡塑科技股份有限公司,本科,8千-1万,3-4年,苏州
货运司机,交通/运输/物流,深圳市德纵国际物流有限公司,,6-7千,1年,深圳
新媒体文案（地铁上盖+大小周）,教育/培训/院校,广东健康英才中医药职业技能鉴定有限公司,大专,8千-1万,1年,广州
电子工程师,机械/设备/重工,苏州亮明工具有限公司,本科,1.2-1.5万·13薪,3-4年,苏州
物流规划工程师,汽车零配件,青岛富晟李尔汽车座椅系统有限公司,本科,6-9千·15薪,2年,青岛
日语营业,教育/培训/院校,威海联信智达职业培训学校有限公司,本科,4-5千·13薪,1年,威海
Business Analyst and Coordination Officer/Manager,保险,同行保险经纪有限公司,本科,1-2万,2年,广州
健康管理师,房地产,重庆乐立森建筑工程有限公司,大专,4-6千,2年,重庆
外贸网络运营岗-功能建材事业部,计算机软件,深圳市润丰新材料科技有限公司,本科,8千-1.6万,3-4年,深圳
液压销售工程师,机械/设备/重工,邦贝液压机械（杭州）有限公司,本科,1-1.5万,2年,杭州
资深设计师,影视/媒体/艺术/文化传播,广东越视新传媒有限公司,本科,7-8.5千·13薪,3-4年,广州
渠道主管,房地产,重庆乐立森建筑工程有限公司,大专,3.5-4千,5-7年,重庆
外贸业务岗-功能建材事业部,计算机软件,深圳市润丰新材料科技有限公司,本科,8千-1.6万,2年,深圳
工程师,计算机软件,深圳市旗文众邦电子有限公司,,7千-1万,1年,深圳
文案策划,影视/媒体/艺术/文化传播,广东越视新传媒有限公司,本科,6-7千·13薪,1年,广州
阿里国际站运营,家居/室内设计/装潢,广东邦克厨卫有限公司,大专,6千-1万,3-4年,佛山
产品质量工程师,电子技术/半导体/集成电路,TCL商用信息科技（惠州）有限责任公司,大专,1-1.5万·13薪,5-7年,惠州
教学主管,教育/培训/院校,深圳市福田区新世纪教育培训中心,大专,8-8.5千·13薪,2年,深圳
活动执行专员,影视/媒体/艺术/文化传播,广东越视新传媒有限公司,大专,5-6.5千·13薪,2年,广州
安全员（社保包吃住）,建筑/建材/工程,陕西海天九龙建筑工程有限公司,大专,5-7千·13薪,3-4年,西安
区域品牌营销经理（三门）,贸易/进出口,宁波卡特维拉国际贸易有限公司,大专,5-8千,5-7年,台州
财务实习生,教育/培训/院校,深圳市福田区新世纪教育培训中心,大专,3-4.5千,1年,深圳
研学产品经理,影视/媒体/艺术/文化传播,广东越视新传媒有限公司,大专,5-6.5千·13薪,3-4年,广州
网络安全运维工程师,计算机服务(系统、数据服务、维修),浙江天健远见科技(集团)有限公司,本科,1.2-1.5万,3-4年,杭州
工程资料员（地基总包资料员）,建筑/建材/工程,深圳市穿山甲工程技术有限公司,大专,8千-1万,3-4年,深圳
财务实习生,教育/培训/院校,深圳市福田区新世纪教育培训中心,大专,3-4.5千,1年,深圳
OE技术支持/配套技术管理,汽车零配件,上海韩泰轮胎销售有限公司,本科,7-9千·15薪,1年,上海
技术主管（后端/全栈）,建筑/建材/工程,重庆数维空间建筑科技有限公司,本科,1.5-3万·13薪,5-7年,重庆
欧派、金牌全屋定制设计师+直招,批发/零售,百安居（上海）商贸有限公司,大专,1-1.5万,2年,上海
幕墙BIM工程师,建筑/建材/工程,浙江亚厦幕墙有限公司,本科,6-8千,2年,广州
营销战略（偏数据分析）,汽车零配件,上海韩泰轮胎销售有限公司,本科,7.5-9千·15薪,无需经验,上海
检测工程师,石油/化工/矿产/地质,洋紫荆油墨（浙江）有限公司,大专,5千-1万·13薪,1年,中山
仓库文员,建筑/建材/工程,广东满鑫工程机械有限公司,中技/中专,3.8-5千,1年,肇庆
质检员（机加工检验）,医疗设备/器械,常州康鼎医疗器械有限公司,中技/中专,5-7千,1年,常州
全屋定制木工师傅,家居/室内设计/装潢,西安适也整装家居有限公司,初中及以下,5-7千,1年,西安
商务专员,制药/生物工程,江西国化实业有限公司,本科,8千-1.5万,无需经验,抚州
移民顾问,金融/投资/证券,亨瑞国际咨询集团,本科,1.5-2万,5-7年,武汉
抖音主播,计算机软件,苏州启博网络科技有限公司,,6-8千,1年,苏州
SAP运维工程师 MM,计算机服务(系统、数据服务、维修),斯帝芬尼信息科技（吉林）有限公司,本科,8千-1.5万,2年,大连
安徽商销经理,制药/生物工程,浙江瑞利药业有限公司,本科,7千-1万,8-9年,合肥
销售代表,电气/电力/水利,陕西天诚电气设备有限公司,大专,6-8千,无需经验,西安
直播中控,计算机软件,苏州启博网络科技有限公司,大专,5-8千,1年,苏州
SAP运维工程师 MM,计算机服务(系统、数据服务、维修),斯帝芬尼信息科技（吉林）有限公司,本科,8千-1.5万,2年,大连
医疗设备学术推广（非销售岗）,医疗设备/器械,昆明美瑾商贸有限公司,本科,6-8千,2年,昆明
自控工程师,电气/电力/水利,江阴百士特自动化系统工程有限公司,中技/中专,8千-1.5万·13薪,3-4年,无锡
储能电站运维主管,新能源,众树（广州）碳资产投资咨询有限公司,本科,9千-1.2万,3-4年,广州
IE工程师,专业服务(咨询、人力资源、财会),苏州英格玛制造外包有限公司,本科,7千-1万,2年,苏州
销售经理/主管（户外地板）,农/林/牧/渔,佛山市林嘉科技有限责任公司,本科,1-1.8万·13薪,2年,佛山
电气安装工程师,电气/电力/水利,江阴百士特自动化系统工程有限公司,中技/中专,4-8千,2年,无锡
数字IC验证工程师,电子技术/半导体/集成电路,深圳深蕾科技股份有限公司,本科,40-80万/年,5-7年,深圳
光伏站长（综合年薪14-16万，面议）,物业管理/商业中心,湖南金阳智慧园区管理服务有限公司,大专,14-16万/年,3-4年,长沙
医疗信息化产品销售,医疗设备/器械,昆明美瑾商贸有限公司,本科,7千-1.2万,1年,昆明
智能硬件产品经理/产品经理 (MJ060368),物业管理/商业中心,武汉市万科物业服务有限公司,本科,1.5-2.5万,3-4年,武汉
售后技术支持工程师,新能源,苏州中储普华电力科技有限公司,大专,8千-1.5万,3-4年,苏州
化妆品研发工程师,电子技术/半导体/集成电路,湖南开启时代科技股份有限公司,本科,1-2万,3-4年,湘潭
施工安全员（西安市及周边区县）,建筑/建材/工程,陕西海天九龙建筑工程有限公司,大专,5-7千·13薪,3-4年,西安
工艺工程师 (MJ000077),汽车,上海智驾汽车科技有限公司,大专,1.4-2.4万·14薪,3-4年,上海
线下运维工程师-光伏,专业服务(咨询、人力资源、财会),北京外企德科人力资源服务上海有限公司,大专,7千-1.2万,1年,无锡
招商运营专员/主管,物业管理/商业中心,得利屋（成都）商业管理有限公司,大专,5千-1万,3-4年,成都
弱电智能化工程师,建筑/建材/工程,江苏麟瑞沐建筑科技有限公司,,8千-1万,3-4年,南京
基金会筹款官员,影视/媒体/艺术/文化传播,西安赵季平艺术中心,本科,4-6千,1年,西安
招商主管,房地产,信鸿集团,大专,8千-1.5万,2年,东莞
外贸业务员,家具/家电/玩具/礼品,佛山市迪赛纳科技有限公司,大专,6千-1.2万,1年,佛山
技术支持工程师(封装背景),电子技术/半导体/集成电路,厦门恒坤新材料科技股份有限公司,本科,1-1.7万·17薪,3-4年,厦门
仓库主管,快速消费品(食品、饮料、化妆品),江西老黄牛供应链管理有限公司,高中,4-6千,2年,上饶
益田假日广场烟酒柜营业员,批发/零售,深圳市志高远实业有限公司,初中及以下,5-7千,无需经验,深圳
资深儿科护士(011702),医疗/护理/卫生,广州和睦家医院有限公司,大专,1-1.5万,8-9年,广州
销售主管,医疗/护理/卫生,湖北优唐健康管理有限责任公司,大专,8千-1.2万,1年,武汉
测试工程师(中级),计算机软件,上海软中信息技术有限公司,大专,9千-1.1万,3-4年,上海
门店导购,建筑/建材/工程,大理盛恒商贸有限公司,大专,5千-1万,1年,大理
万象天地烟酒柜营业员,批发/零售,深圳市志高远实业有限公司,初中及以下,6-8千,无需经验,深圳
危险品驾驶员,新能源,重庆德润能源有限公司,中技/中专,6千-1.2万,5-7年,重庆
抖音客服,服装/纺织/皮革,武汉丙舍设计有限公司,大专,3.5-5千,无需经验,武汉
商务会奖项目经理,酒店/旅游,上海锦江旅游控股有限公司,大专,12-15万/年,2年,上海
医疗设备仓库管理,医疗设备/器械,深圳半岛医疗股份有限公司,高中,6千-1万,3-4年,深圳
信息化部部长,制药/生物工程,诺一生物医药股份有限公司,本科,1.5-3万,10年以上,上海
设计助理（服装工作室）,服装/纺织/皮革,武汉丙舍设计有限公司,大专,4-4.5千,1年,武汉
硬件工程师,通信/电信/网络设备,上海朔尚电子科技有限公司,本科,8千-1.5万,1年,上海
会计,多元化业务集团公司,传化智联股份有限公司,本科,5千-1万,3-4年,嘉兴
四川省商销经理,制药/生物工程,浙江瑞利药业有限公司,本科,7千-1万,5-7年,成都
车间主管,计算机软件,北京瑞控信科技股份有限公司,大专,1.2-1.8万·13薪,5-7年,合肥
涂装车间班长,汽车,重庆弘福赛汽车部件有限公司,高中,6-8千,3-4年,重庆
仪表工,多元化业务集团公司,传化智联股份有限公司,中技/中专,7-9千,3-4年,嘉兴
植物调味品油脂研发,快速消费品(食品、饮料、化妆品),四川成都建华食品有限公司,大专,6千-1万,3-4年,成都
西餐厨师,批发/零售,一国香酒业（上海）有限公司,高中,1-1.2万·13薪,3-4年,上海
万象天地烟酒柜营业员,批发/零售,深圳市志高远实业有限公司,初中及以下,6-8千,无需经验,深圳
危险品驾驶员,新能源,重庆德润能源有限公司,中技/中专,6千-1.2万,5-7年,重庆
设计助理（服装工作室）,服装/纺织/皮革,武汉丙舍设计有限公司,大专,4-4.5千,1年,武汉
商务会奖项目经理,酒店/旅游,上海锦江旅游控股有限公司,大专,12-15万/年,2年,上海
医疗设备仓库管理,医疗设备/器械,深圳半岛医疗股份有限公司,高中,6千-1万,3-4年,深圳
会计,多元化业务集团公司,传化智联股份有限公司,本科,5千-1万,3-4年,嘉兴
四川省商销经理,制药/生物工程,浙江瑞利药业有限公司,本科,7千-1万,5-7年,成都
生产主管,新能源,钇晶科技（苏州）有限公司,大专,1-1.4万·13薪,5-7年,苏州
车间主管,计算机软件,北京瑞控信科技股份有限公司,大专,1.2-1.8万·13薪,5-7年,合肥
仪表工,多元化业务集团公司,传化智联股份有限公司,中技/中专,7-9千,3-4年,嘉兴
涂装车间班长,汽车,重庆弘福赛汽车部件有限公司,高中,6-8千,3-4年,重庆
植物调味品油脂研发,快速消费品(食品、饮料、化妆品),四川成都建华食品有限公司,大专,6千-1万,3-4年,成都
西餐厨师,批发/零售,一国香酒业（上海）有限公司,高中,1-1.2万·13薪,3-4年,上海
HRBP,多元化业务集团公司,传化智联股份有限公司,大专,7千-1.2万,2年,嘉兴
ME工程师-项目管理,汽车,重庆弘福赛汽车部件有限公司,大专,8千-1.5万·13薪,3-4年,重庆
销售经理（河西G53）,房地产,中海地产南京公司,大专,8千-1.6万,3-4年,南京
植物调味品油脂研发,快速消费品(食品、饮料、化妆品),四川成都建华食品有限公司,大专,6千-1万,3-4年,成都
行业研究分析师,快速消费品(食品、饮料、化妆品),大闽食品（漳州）有限公司上海分公司,本科,1.2-2.4万,2年,上海
高级质量工程师,汽车,重庆弘福赛汽车部件有限公司,大专,0.8-1万,3-4年,重庆
行政人事主管/经理,餐饮业,广州瑞橡贸易有限公司,大专,7千-1万,3-4年,广州
会计,多元化业务集团公司,传化智联股份有限公司,本科,5千-1万,3-4年,嘉兴
四川省商销经理,制药/生物工程,浙江瑞利药业有限公司,本科,7千-1万,5-7年,成都
设计助理（服装工作室）,服装/纺织/皮革,武汉丙舍设计有限公司,大专,4-4.5千,1年,武汉
生产主管,新能源,钇晶科技（苏州）有限公司,大专,1-1.4万·13薪,5-7年,苏州
仪表工,多元化业务集团公司,传化智联股份有限公司,中技/中专,7-9千,3-4年,嘉兴
市场专员,建筑/建材/工程,广东电白二建集团有限公司,大专,5-7千·13薪,3-4年,广州
涂装车间班长,汽车,重庆弘福赛汽车部件有限公司,高中,6-8千,3-4年,重庆
植物调味品油脂研发,快速消费品(食品、饮料、化妆品),四川成都建华食品有限公司,大专,6千-1万,3-4年,成都
HRBP,多元化业务集团公司,传化智联股份有限公司,大专,7千-1.2万,2年,嘉兴
西餐厨师,批发/零售,一国香酒业（上海）有限公司,高中,1-1.2万·13薪,3-4年,上海
销售经理（河西G53）,房地产,中海地产南京公司,大专,8千-1.6万,3-4年,南京
植物调味品油脂研发,快速消费品(食品、饮料、化妆品),四川成都建华食品有限公司,大专,6千-1万,3-4年,成都
软件工程师,电子技术/半导体/集成电路,内蒙古光能科技有限公司,本科,6-8千,2年,鄂尔多斯
医疗销售专员（温州）,医疗设备/器械,杭州钛朗贸易有限公司,本科,8-15万/年,2年,温州
生产计划,原材料和加工,河南爱彼爱和新材料有限公司,大专,5-7千·13薪,3-4年,许昌
项目质量管理工程师(J10332),政府/公共事业,杭州极弱磁场国家重大科技基础设施研究院,硕士,25-35万/年,5-7年,杭州
可靠性工程师,医疗设备/器械,深圳迈瑞生物医疗电子股份有限公司,本科,1.5-2.5万·14薪,3-4年,深圳
财务主管,环保,上海安欣有害生物防治有限公司,大专,7-8千,3-4年,上海
生产计划,原材料和加工,河南爱彼爱和新材料有限公司,大专,5-7千·13薪,3-4年,许昌
物业工程助理（融通大厦）,物业管理/商业中心,广州南思第一太平戴维斯物业管理有限公司,中技/中专,4-5千·13薪,1年,广州
SAP Specialist,机械/设备/重工,海蒂诗家俱五金配件（珠海）有限公司,本科,15-20万/年,5-7年,珠海
市场专员（开发）,电子技术/半导体/集成电路,乐健科技（珠海）有限公司,大专,6-8千,3-4年,珠海
业务助理/跟单,机械/设备/重工,宁波万盛智能科技股份有限公司,大专,5-7千,1年,宁波
冲压生产管理,汽车,湖北诚源汽车部件制造有限公司,高中,6千-1万,5-7年,黄冈
公共关系经理,新能源,江苏远航锦锂新能源科技有限公司,本科,1.5-2万·14薪,5-7年,盐城
市场专员（开发）,电子技术/半导体/集成电路,乐健科技（珠海）有限公司,大专,6-8千,3-4年,珠海
会计,娱乐/休闲/体育,四川雨田震商贸有限责任公司,中技/中专,4.5-5.5千,3-4年,成都
CNC编程,医疗设备/器械,苏州杰思精工自动化设备有限公司,大专,1-1.3万,2年,苏州
制冷、暖通、热泵工程师,环保,无锡朗盼环境科技有限公司,大专,1.1-1.8万,5-7年,无锡
市场专员（开发）,电子技术/半导体/集成电路,乐健科技（珠海）有限公司,大专,6-8千,3-4年,珠海
嵌入式软件开发工程师,电子技术/半导体/集成电路,昆山国力电子科技股份有限公司,本科,1-1.7万·13薪,5-7年,昆山
连接器研发工程师,新能源,昆联新能源湖北有限公司,本科,1-2万,3-4年,黄冈
财务经理,医疗/护理/卫生,上海敦复医疗管理集团有限公司,本科,1.2-1.8万,2年,上海
京东自营运营主管/经理,批发/零售,四川省特美居网络技术有限公司,大专,8千-1.5万·14薪,3-4年,成都
失效分析工程师（PFA/DPA）,检测，认证,蔚思博检测技术（合肥）有限公司上海分公司,大专,5-9千·13薪,无需经验,合肥
汽车零部件外贸销售,汽车,广州扶商缸套有限公司,大专,1-2万,2年,广州
生物发酵工程师,环保,无锡朗盼环境科技有限公司,本科,1-1.5万,3-4年,无锡
市场销售（欧美市场）,快速消费品(食品、饮料、化妆品),大闽食品（漳州）有限公司上海分公司,本科,1.5-2.5万,3-4年,上海
手机液晶屏采购员,贸易/进出口,晶源时代（深圳）科技有限公司,大专,7-9千,1年,深圳
结构工程师,通信/电信/网络设备,普罗斯通信技术（苏州）有限公司,本科,1-1.5万,2年,昆山
汽车零部件外贸销售,汽车,广州扶商缸套有限公司,大专,1-2万,2年,广州
生物发酵工程师,环保,无锡朗盼环境科技有限公司,本科,1-1.5万,3-4年,无锡
市场销售（欧美市场）,快速消费品(食品、饮料、化妆品),大闽食品（漳州）有限公司上海分公司,本科,1.5-2.5万,3-4年,上海
手机液晶屏采购员,贸易/进出口,晶源时代（深圳）科技有限公司,大专,7-9千,1年,深圳
结构工程师,通信/电信/网络设备,普罗斯通信技术（苏州）有限公司,本科,1-1.5万,2年,昆山
行政司机,教育/培训/院校,广州市笑笑教育科技发展有限公司,大专,6-7千,3-4年,广州
人事管理岗,快速消费品(食品、饮料、化妆品),大闽食品（漳州）有限公司上海分公司,本科,1-1.5万,3-4年,上海
策划助理,房地产,合富辉煌（中国）房地产顾问有限公司,大专,6-8千,1年,广州
硬件工程师,计算机软件,深圳市杰为电子有限公司,大专,6千-1万,2年,深圳
专职司机,机械/设备/重工,伯乐智能装备股份有限公司宁波分公司,大专,6.5-8千·13薪,3-4年,宁波
市场销售（保健品方向）,快速消费品(食品、饮料、化妆品),大闽食品（漳州）有限公司上海分公司,本科,1.5-2万,3-4年,上海
豪宅顾问,房地产,合富辉煌（中国）房地产顾问有限公司,大专,8千-1万,1年,广州
PHP后端开发工程师,教育/培训/院校,广州润沁教育科技有限公司,大专,6.5千-1.3万,2年,广州
货代销售（钢材steel方向）,交通/运输/物流,爱斯达全球货运代理（深圳）有限公司上海分公司,大专,8千-1.5万,2年,上海
宿舍管理员(J11718),服装/纺织/皮革,梦百合家居科技股份有限公司,初中及以下,3.2-3.6千,无需经验,南通
电商产品经理/供应商开发,互联网/电子商务,苏州一程一汇信息科技有限公司,大专,2-4万,3-4年,苏州
运营专员,教育/培训/院校,广州润沁教育科技有限公司,大专,3-6千,无需经验,广州
商务专员,家居/室内设计/装潢,上海满菖艺术景观工程有限公司,大专,6-9千,无需经验,上海
传统渠道重点客户代表(武昌）,快速消费品(食品、饮料、化妆品),武汉百事可乐饮料有限公司,高中,4.5-8千,3-4年,武汉
组装拉长,电子技术/半导体/集成电路,深圳市博硕科技股份有限公司,高中,8千-1万,2年,深圳
人事管理岗,快速消费品(食品、饮料、化妆品),大闽食品（漳州）有限公司上海分公司,本科,1-1.5万,3-4年,上海
策划主任,房地产,合富辉煌（中国）房地产顾问有限公司,本科,8千-1万,3-4年,广州
硬件工程师,计算机软件,深圳市杰为电子有限公司,大专,6千-1万,2年,深圳
专职司机,机械/设备/重工,伯乐智能装备股份有限公司宁波分公司,大专,6.5-8千·13薪,3-4年,宁波
PHP后端开发工程师,教育/培训/院校,广州润沁教育科技有限公司,大专,6.5千-1.3万,2年,广州
宿舍管理员(J11718),服装/纺织/皮革,梦百合家居科技股份有限公司,初中及以下,3.2-3.6千,无需经验,南通
电商产品经理/供应商开发,互联网/电子商务,苏州一程一汇信息科技有限公司,大专,2-4万,3-4年,苏州
外贸业务（LED照明+双休）,电子技术/半导体/集成电路,深圳市升宏光电科技有限公司,大专,8千-1.5万,3-4年,深圳
课程顾问,教育/培训/院校,广州润沁教育科技有限公司,大专,3-6千,无需经验,广州
终端大客户经理,机械/设备/重工,深圳市佳迈自动化股份有限公司,本科,1.2-2万·13薪,3-4年,无锡
康师傅方便面市场推广（MO),快速消费品(食品、饮料、化妆品),康师傅控股武汉顶益食品有限公司,大专,4-6千,1年,随州
佛祖岭测试普工，两班倒（包住餐补） 夜班补贴30/夜,通信/电信/网络设备,武汉福地科技有限公司,高中,5-8千,1年,武汉
土建造价工程师,建筑/建材/工程,深圳市鼎致建设工程有限公司,大专,1.2-1.5万,5-7年,深圳
海外直播运营,贸易/进出口,义乌速锐进出口有限公司,本科,1-1.5万,3-4年,深圳
技术工艺员,电子技术/半导体/集成电路,亨通精密铜箔科技（德阳）有限公司,本科,6千-1万,2年,德阳
商务经理,教育/培训/院校,互联派教育科技（大连）有限公司,本科,7千-1.3万,2年,大连
高级包装工程师,印刷/包装/造纸,金虹包装材料（上海）有限公司,大专,7千-1.3万·13薪,2年,昆山
实习生,互联网/电子商务,昆明花易宝科技有限公司,中技/中专,2-4千,无需经验,昆明
技术工艺员,电子技术/半导体/集成电路,亨通精密铜箔科技（德阳）有限公司,本科,6千-1万,2年,德阳
党群工作干事,服装/纺织/皮革,际华三五四二纺织有限公司,本科,4-8千,无需经验,襄阳
电仪工程师,石油/化工/矿产/地质,托尔专用化学品（镇江）有限公司,大专,1-1.5万,3-4年,镇江
销售代表,服装/纺织/皮革,广州市纤屹纺织品有限公司,高中,4-6千,3-4年,广州
室内设计师,建筑/建材/工程,武汉市恒泰尚锦装饰设计工程有限公司,,6千-1.2万,3-4年,武汉
物业工程主管,物业管理/商业中心,成都宏鹏物业管理有限公司,大专,7-8千,2年,成都
环卫销售经理,机械/设备/重工,海沃机械（中国）有限公司,大专,7千-1.4万·13薪,5-7年,扬州
采购助理,贸易/进出口,上海硕欣国际贸易有限公司,本科,6.5-8.5千,2年,上海
家装设计师,建筑/建材/工程,武汉市恒泰尚锦装饰设计工程有限公司,,4-8千,1年,武汉
安品经理,物业管理/商业中心,新城控股集团股份有限公司,本科,1.1-1.6万,5-7年,咸阳
环卫销售经理,机械/设备/重工,海沃机械（中国）有限公司,大专,7千-1.4万·13薪,5-7年,扬州
物流专员（汽配方向）,多元化业务集团公司,浙江物产化工集团宁波有限公司,本科,8千-1万,2年,宁波
技术支持工程师,制药/生物工程,武汉华研生物科技有限公司,硕士,8千-1.6万,1年,武汉
法务专员,批发/零售,嘉事堂药业股份有限公司,本科,8千-1.4万,3-4年,北京
环卫销售经理,机械/设备/重工,海沃机械（中国）有限公司,大专,7千-1.4万·13薪,5-7年,扬州
外贸服装跟单员,贸易/进出口,上海硕欣国际贸易有限公司,大专,8千-1万,3-4年,上海
销售工程师,制药/生物工程,武汉华研生物科技有限公司,大专,8千-1.6万,无需经验,武汉
生产计划与物料控制（PMC）专家(A124711),新能源,深圳市正浩创新科技股份有限公司,本科,3-5万·14薪,5-7年,深圳
项目工程师,机械/设备/重工,安易斯密封（宁波）有限公司,本科,6-8.5千·13薪,2年,宁波
电话销售,环保,杭州英普环境技术股份有限公司,大专,5千-1万,1年,杭州
安规测试工程师,检测，认证,宁波市信测检测技术有限公司,大专,5-7千,1年,宁波
仓管（三和靖江分厂常驻）,机械/设备/重工,江阴市三和重工钢制品有限公司,大专,5.5-7千,无需经验,泰州
物流专员（汽配方向）,多元化业务集团公司,浙江物产化工集团宁波有限公司,本科,8千-1万,2年,宁波
销售工程师,制药/生物工程,武汉华研生物科技有限公司,大专,8千-1.6万,无需经验,武汉
法务专员,批发/零售,嘉事堂药业股份有限公司,本科,8千-1.4万,3-4年,北京
国际业务销售,交通/运输/物流,民航快递有限责任公司,本科,6-8千,3-4年,北京
Executive, Cargo Sales Executive, Cargo Sales,计算机软件,特力博商务服务（深圳）有限公司,本科,8千-1.2万,2年,北京
外贸服装跟单员,贸易/进出口,上海硕欣国际贸易有限公司,大专,8千-1万,3-4年,上海
生产计划与物料控制（PMC）专家(A124711),新能源,深圳市正浩创新科技股份有限公司,本科,3-5万·14薪,5-7年,深圳
项目工程师,机械/设备/重工,安易斯密封（宁波）有限公司,本科,6-8.5千·13薪,2年,宁波
电话销售,环保,杭州英普环境技术股份有限公司,大专,5千-1万,1年,杭州
安规测试工程师,检测，认证,宁波市信测检测技术有限公司,大专,5-7千,1年,宁波
义乌装卸工,交通/运输/物流,跨越速运集团有限公司,初中及以下,7千-1万,无需经验,金华
仓管（三和靖江分厂常驻）,机械/设备/重工,江阴市三和重工钢制品有限公司,大专,5.5-7千,无需经验,泰州
工艺工程师,仪器仪表/工业自动化,傲乐科学仪器（上海）有限公司,本科,1.2-1.8万·15薪,3-4年,上海
嵌入式硬件工程师,仪器仪表/工业自动化,深圳市研成工业技术有限公司,本科,1-2万·13薪,3-4年,深圳
服装导购（百货大楼）高底薪,服装/纺织/皮革,常州百货大楼股份有限公司,,6-7千,无需经验,常州
方案管理（逆变器） (MJ000121),电子技术/半导体/集成电路,杭州禾迈电力电子股份有限公司,本科,2-3万,3-4年,杭州
技术工程师—阀门设计,机械/设备/重工,四川勃朗蜀威科技有限公司,大专,6千-1万·13薪,1年,德阳
Android安卓工程师,计算机软件,东莞智物科技有限公司,大专,7-8千,2年,东莞
硬件研发工程师,仪器仪表/工业自动化,四川英杰晨冉科技有限公司,本科,1.5-3万·15薪,无需经验,成都
方案管理（逆变器） (MJ000121),电子技术/半导体/集成电路,杭州禾迈电力电子股份有限公司,本科,2-3万,3-4年,杭州
下单员,贸易/进出口,浙江物产道富有限公司,本科,7千-1.2万,1年,杭州
财务专员,批发/零售,广州雅盈服饰有限公司,大专,6.5-7.5千,3-4年,广州
销售顾问（包三餐+入职社保+环境靠江）,互联网/电子商务,广东灵机文化传播有限公司,中技/中专,1-1.5万,2年,广州
导购员,机械/设备/重工,安徽省缘毅空调设备有限公司,高中,5-8千·13薪,无需经验,合肥
NGS销售经理,制药/生物工程,解码（上海）生物医药科技有限公司,本科,8千-1.5万,2年,上海
园艺园林设计师,建筑/建材/工程,浙江来点花草生态环境有限公司,本科,8千-1.1万·13薪,2年,杭州
潮汕盛和塾事务局秘书,非营利组织,广东盛和塾企业管理促进中心,本科,8-10万/年,2年,佛山
业务,电子技术/半导体/集成电路,瑞仪（广州）光电子器件有限公司,大专,4-5千,无需经验,广州
社群运营,服装/纺织/皮革,广东鸿大服饰有限公司,大专,6-8千,2年,广州
国际业务操作助理,交通/运输/物流,民航快递有限责任公司,本科,4-6千,2年,北京
销售主管,快速消费品(食品、饮料、化妆品),菓子熟了（南京）食品有限公司,大专,7千-1.2万,3-4年,无锡
大客户销售（物流）,交通/运输/物流,深圳市汉德森供应链管理有限公司,大专,6千-1.2万,1年,深圳
方案管理工程师（国内）,电子技术/半导体/集成电路,杭州禾迈电力电子股份有限公司,本科,1.6-2万,2年,杭州
HRBP,互联网/电子商务,广州广颖创网络科技有限公司,本科,1.3-2.3万,5-7年,广州
品质工程师,电子技术/半导体/集成电路,川奇光电科技（扬州）有限公司,本科,7千-1万·13薪,1年,扬州
服装设计师,贸易/进出口,武汉雅利达贸易有限公司,大专,7千-1.4万,3-4年,武汉
方案管理工程师（国内）,电子技术/半导体/集成电路,杭州禾迈电力电子股份有限公司,本科,1.6-2万,2年,杭州
淘系运营专员,互联网/电子商务,汕头市嘉懋贸易有限公司,大专,6.4-8千,1年,汕头
高级电子硬件工程师,贸易/进出口,东莞市涵霖电子科技有限公司,大专,1.5-2.5万,10年以上,深圳
线束工程师,汽车零配件,格罗特(上海)车灯系统有限公司,本科,5千-1万,2年,株洲
采购专员,快速消费品(食品、饮料、化妆品),广东皇星婴童用品有限公司,大专,5-7千,2年,河源
品质副总监,仪器仪表/工业自动化,珠海创智科技有限公司,大专,1.5-3万,5-7年,珠海
技术员（储备）,建筑/建材/工程,昊滇建设集团有限公司,本科,5-8千·14薪,2年,昆明
土壤肥料技术员,农/林/牧/渔,湖北嘉绘生物科技有限公司,本科,5-6千,1年,武汉
铜排工,电气/电力/水利,南京富尔登科技发展有限公司,中技/中专,5-8千,1年,南京
焊锡工,仪器仪表/工业自动化,广东安达智能装备股份有限公司,,5-6千,1年,东莞
项目经理（储备）,建筑/建材/工程,昊滇建设集团有限公司,本科,8千-1.2万·14薪,5-7年,昆明
法务专员,新能源,上能电气股份有限公司,本科,5-8千·14薪,无需经验,无锡
高级前端工程师,计算机软件,和元达信息科技有限公司,本科,1.2-1.6万,5-7年,广州
总经济师/经营预算/成本造价,计算机软件,扬州六如新能源科技有限公司,大专,25-50万/年,8-9年,合肥
项目经理（储备）,建筑/建材/工程,昊滇建设集团有限公司,本科,8千-1.2万·14薪,5-7年,昆明
证券投资经理,多元化业务集团公司,深圳华强集团有限公司,硕士,1.5-2万,1年,深圳
倍福PLC，电气工程师,机械/设备/重工,昆山优合自动化科技有限公司,本科,1.5-2万·13薪,5-7年,昆山
工程试验员,建筑/建材/工程,西安华毅建设工程管理有限公司,大专,7-8千,3-4年,西安
备案专员（双休+透明晋升）,检测，认证,广东微谱检测技术有限公司,大专,7千-1万·13薪,2年,广州
环安卫EHS工程师,家具/家电/玩具/礼品,好孩子儿童用品有限公司,大专,8千-1.5万,2年,昆山
抖音运营,教育/培训/院校,沈阳博安智信科技有限公司,本科,4-6千,1年,沈阳
机修电工,原材料和加工,苏州宇力管业有限公司,中技/中专,6-8千,3-4年,苏州
生物统计师,制药/生物工程,泰珂生物医药科技（杭州）有限责任公司,硕士,1.2-2万·14薪,1年,杭州
销售工程师,机械/设备/重工,常州市威博称重设备系统有限公司,大专,8千-1.5万,1年,常州
工程项目总监,计算机硬件,深圳星空新能科技有限公司,本科,1.8-2.5万,5-7年,深圳
安装工长,房地产,陕西乾基集团有限公司,大专,7-8千,5-7年,西安
机械结构工程师,机械/设备/重工,冰山松洋冷链（大连）股份有限公司,本科,6-8千,2年,大连
西餐厅店长,房地产,上海洛克菲勒集团外滩源综合开发有限公司,大专,1.2-1.5万,5-7年,上海
唯品会运营,多元化业务集团公司,维科控股集团股份有限公司,大专,5-7千,1年,宁波
起重工（不会可学）,机械/设备/重工,宁波海湾重工有限公司,初中及以下,6.5千-1万,1年,宁波
数控车工,机械/设备/重工,湖北金力液压件有限公司,中技/中专,6-8千,3-4年,咸宁
运营部实习生（可留用）,交通/运输/物流,上海久进国际货运有限公司,中技/中专,150元/天,无需经验,上海
储备干部,计算机软件,深圳市伟昊净化设备有限公司,大专,3.8-4.3千,无需经验,深圳
物业楼栋管家,物业管理/商业中心,越秀物业成都公司,本科,4-5千·13薪,1年,昆明
数控车工,机械/设备/重工,湖北金力液压件有限公司,中技/中专,6-8千,3-4年,咸宁
直播助理,服装/纺织/皮革,杭州茂来时服饰有限公司,高中,4.5-8千,1年,海宁
实验员,服装/纺织/皮革,广西白莹科技集团有限公司,本科,3-4.5千,2年,柳州
招面包车司机,交通/运输/物流,长沙合信汇品供应链管理有限公司,初中及以下,7-9千,1年,长沙
项目经理,计算机软件,北京寄云鼎城科技有限公司,本科,2-2.8万,5-7年,北京
运营专员,贸易/进出口,杭州拓派进出口有限公司,大专,5-7千,1年,杭州
福建区域销售经理,快速消费品(食品、饮料、化妆品),含羞草（江苏）食品有限公司,大专,7千-1.3万,5-7年,厦门
直招C1驾驶员仓库送门店,交通/运输/物流,长沙合信汇品供应链管理有限公司,中技/中专,7-9千,1年,长沙
销售业务员,印刷/包装/造纸,上海美美尚隽印刷有限公司,本科,1-2万,3-4年,上海
QC主管,制药/生物工程,上海美浮特生物科技有限公司,本科,9千-1.4万,5-7年,上海
